rate_date,base_currency,quote_currency,rate
2025-09-01,EUR,GBP,0.85709
2025-09-01,EUR,HKD,8.77086
2025-09-01,EUR,USD,1.12436
2025-09-01,USD,HKD,7.80076
2025-09-02,EUR,GBP,0.85672
2025-09-02,EUR,HKD,8.76542
2025-09-02,EUR,USD,1.12436
2025-09-02,USD,HKD,7.79592
2025-09-03,EUR,GBP,0.858
2025-09-03,EUR,HKD,8.75181
2025-09-03,EUR,USD,1.12206
2025-09-03,USD,HKD,7.79977
2025-09-04,EUR,GBP,0.85598
2025-09-04,EUR,HKD,8.69788
2025-09-04,EUR,USD,1.11547
2025-09-04,USD,HKD,7.7975
2025-09-05,EUR,GBP,0.85202
2025-09-05,EUR,HKD,8.69218
2025-09-05,EUR,USD,1.11479
2025-09-05,USD,HKD,7.79715
2025-09-08,EUR,GBP,0.85164
2025-09-08,EUR,HKD,8.70835
2025-09-08,EUR,USD,1.11575
2025-09-08,USD,HKD,7.80493
2025-09-09,EUR,GBP,0.85513
2025-09-09,EUR,HKD,8.68856
2025-09-09,EUR,USD,1.11496
2025-09-09,USD,HKD,7.79271
2025-09-10,EUR,GBP,0.85461
2025-09-10,EUR,HKD,8.70149
2025-09-10,EUR,USD,1.11526
2025-09-10,USD,HKD,7.80221
2025-09-11,EUR,GBP,0.85656
2025-09-11,EUR,HKD,8.68244
2025-09-11,EUR,USD,1.11357
2025-09-11,USD,HKD,7.79694
2025-09-12,EUR,GBP,0.85816
2025-09-12,EUR,HKD,8.69724
2025-09-12,EUR,USD,1.11486
2025-09-12,USD,HKD,7.80119
2025-09-15,EUR,GBP,0.85548
2025-09-15,EUR,HKD,8.71455
2025-09-15,EUR,USD,1.11731
2025-09-15,USD,HKD,7.79958
2025-09-16,EUR,GBP,0.85498
2025-09-16,EUR,HKD,8.70435
2025-09-16,EUR,USD,1.11729
2025-09-16,USD,HKD,7.79059
2025-09-17,EUR,GBP,0.85678
2025-09-17,EUR,HKD,8.74763
2025-09-17,EUR,USD,1.12185
2025-09-17,USD,HKD,7.7975
2025-09-18,EUR,GBP,0.85689
2025-09-18,EUR,HKD,8.78232
2025-09-18,EUR,USD,1.12573
2025-09-18,USD,HKD,7.80144
2025-09-19,EUR,GBP,0.85424
2025-09-19,EUR,HKD,8.82146
2025-09-19,EUR,USD,1.13073
2025-09-19,USD,HKD,7.80156
2025-09-22,EUR,GBP,0.8536
2025-09-22,EUR,HKD,8.74433
2025-09-22,EUR,USD,1.12096
2025-09-22,USD,HKD,7.80075
2025-09-23,EUR,GBP,0.85436
2025-09-23,EUR,HKD,8.79463
2025-09-23,EUR,USD,1.12798
2025-09-23,USD,HKD,7.7968
2025-09-24,EUR,GBP,0.85665
2025-09-24,EUR,HKD,8.79126
2025-09-24,EUR,USD,1.12688
2025-09-24,USD,HKD,7.80142
2025-09-25,EUR,GBP,0.85482
2025-09-25,EUR,HKD,8.7518
2025-09-25,EUR,USD,1.12214
2025-09-25,USD,HKD,7.79921
2025-09-26,EUR,GBP,0.85732
2025-09-26,EUR,HKD,8.73697
2025-09-26,EUR,USD,1.12064
2025-09-26,USD,HKD,7.79641
2025-09-29,EUR,GBP,0.85478
2025-09-29,EUR,HKD,8.71268
2025-09-29,EUR,USD,1.11744
2025-09-29,USD,HKD,7.797
2025-09-30,EUR,GBP,0.85382
2025-09-30,EUR,HKD,8.71791
2025-09-30,EUR,USD,1.11735
2025-09-30,USD,HKD,7.80231
2025-10-01,EUR,GBP,0.853
2025-10-01,EUR,HKD,8.68474
2025-10-01,EUR,USD,1.11347
2025-10-01,USD,HKD,7.79971
2025-10-02,EUR,GBP,0.85344
2025-10-02,EUR,HKD,8.69959
2025-10-02,EUR,USD,1.11507
2025-10-02,USD,HKD,7.80183
2025-10-03,EUR,GBP,0.8571
2025-10-03,EUR,HKD,8.62848
2025-10-03,EUR,USD,1.10582
2025-10-03,USD,HKD,7.80279
2025-10-06,EUR,GBP,0.85602
2025-10-06,EUR,HKD,8.62994
2025-10-06,EUR,USD,1.10554
2025-10-06,USD,HKD,7.80609
2025-10-07,EUR,GBP,0.85264
2025-10-07,EUR,HKD,8.59021
2025-10-07,EUR,USD,1.10154
2025-10-07,USD,HKD,7.79836
2025-10-08,EUR,GBP,0.85684
2025-10-08,EUR,HKD,8.58379
2025-10-08,EUR,USD,1.09966
2025-10-08,USD,HKD,7.80586
2025-10-09,EUR,GBP,0.8554
2025-10-09,EUR,HKD,8.57644
2025-10-09,EUR,USD,1.10026
2025-10-09,USD,HKD,7.79492
2025-10-10,EUR,GBP,0.85541
2025-10-10,EUR,HKD,8.56321
2025-10-10,EUR,USD,1.09783
2025-10-10,USD,HKD,7.80012
2025-10-13,EUR,GBP,0.85751
2025-10-13,EUR,HKD,8.55855
2025-10-13,EUR,USD,1.09733
2025-10-13,USD,HKD,7.79943
2025-10-14,EUR,GBP,0.85784
2025-10-14,EUR,HKD,8.55201
2025-10-14,EUR,USD,1.09655
2025-10-14,USD,HKD,7.79902
2025-10-15,EUR,GBP,0.85787
2025-10-15,EUR,HKD,8.52069
2025-10-15,EUR,USD,1.09241
2025-10-15,USD,HKD,7.7999
2025-10-16,EUR,GBP,0.86127
2025-10-16,EUR,HKD,8.59425
2025-10-16,EUR,USD,1.10189
2025-10-16,USD,HKD,7.79955
2025-10-17,EUR,GBP,0.86033
2025-10-17,EUR,HKD,8.64188
2025-10-17,EUR,USD,1.10754
2025-10-17,USD,HKD,7.80277
2025-10-20,EUR,GBP,0.86273
2025-10-20,EUR,HKD,8.64826
2025-10-20,EUR,USD,1.10878
2025-10-20,USD,HKD,7.7998
2025-10-21,EUR,GBP,0.86325
2025-10-21,EUR,HKD,8.66922
2025-10-21,EUR,USD,1.11112
2025-10-21,USD,HKD,7.80224
2025-10-22,EUR,GBP,0.86669
2025-10-22,EUR,HKD,8.76817
2025-10-22,EUR,USD,1.12436
2025-10-22,USD,HKD,7.79837
2025-10-23,EUR,GBP,0.86877
2025-10-23,EUR,HKD,8.79501
2025-10-23,EUR,USD,1.127
2025-10-23,USD,HKD,7.80391
2025-10-24,EUR,GBP,0.86729
2025-10-24,EUR,HKD,8.78214
2025-10-24,EUR,USD,1.12577
2025-10-24,USD,HKD,7.80101
2025-10-27,EUR,GBP,0.86893
2025-10-27,EUR,HKD,8.75474
2025-10-27,EUR,USD,1.12255
2025-10-27,USD,HKD,7.79898
2025-10-28,EUR,GBP,0.87012
2025-10-28,EUR,HKD,8.73319
2025-10-28,EUR,USD,1.11964
2025-10-28,USD,HKD,7.8
2025-10-29,EUR,GBP,0.86973
2025-10-29,EUR,HKD,8.72161
2025-10-29,EUR,USD,1.11801
2025-10-29,USD,HKD,7.80101
2025-10-30,EUR,GBP,0.87088
2025-10-30,EUR,HKD,8.7148
2025-10-30,EUR,USD,1.11689
2025-10-30,USD,HKD,7.80274
2025-10-31,EUR,GBP,0.87203
2025-10-31,EUR,HKD,8.72782
2025-10-31,EUR,USD,1.11941
2025-10-31,USD,HKD,7.7968
2025-11-03,EUR,GBP,0.87354
2025-11-03,EUR,HKD,8.72171
2025-11-03,EUR,USD,1.11838
2025-11-03,USD,HKD,7.79852
2025-11-04,EUR,GBP,0.87514
2025-11-04,EUR,HKD,8.73498
2025-11-04,EUR,USD,1.11961
2025-11-04,USD,HKD,7.80181
2025-11-05,EUR,GBP,0.87202
2025-11-05,EUR,HKD,8.81374
2025-11-05,EUR,USD,1.13034
2025-11-05,USD,HKD,7.79742
2025-11-06,EUR,GBP,0.87248
2025-11-06,EUR,HKD,8.80998
2025-11-06,EUR,USD,1.12931
2025-11-06,USD,HKD,7.80121
2025-11-07,EUR,GBP,0.86911
2025-11-07,EUR,HKD,8.80039
2025-11-07,EUR,USD,1.12829
2025-11-07,USD,HKD,7.79976
2025-11-10,EUR,GBP,0.86804
2025-11-10,EUR,HKD,8.83987
2025-11-10,EUR,USD,1.13326
2025-11-10,USD,HKD,7.80039
2025-11-11,EUR,GBP,0.867
2025-11-11,EUR,HKD,8.80354
2025-11-11,EUR,USD,1.12882
2025-11-11,USD,HKD,7.79889
2025-11-12,EUR,GBP,0.86768
2025-11-12,EUR,HKD,8.81271
2025-11-12,EUR,USD,1.13009
2025-11-12,USD,HKD,7.79824
2025-11-13,EUR,GBP,0.86507
2025-11-13,EUR,HKD,8.77108
2025-11-13,EUR,USD,1.12455
2025-11-13,USD,HKD,7.79964
2025-11-14,EUR,GBP,0.86863
2025-11-14,EUR,HKD,8.77057
2025-11-14,EUR,USD,1.12495
2025-11-14,USD,HKD,7.79641
2025-11-17,EUR,GBP,0.86879
2025-11-17,EUR,HKD,8.72277
2025-11-17,EUR,USD,1.11798
2025-11-17,USD,HKD,7.80226
2025-11-18,EUR,GBP,0.86864
2025-11-18,EUR,HKD,8.69367
2025-11-18,EUR,USD,1.11419
2025-11-18,USD,HKD,7.80268
2025-11-19,EUR,GBP,0.86853
2025-11-19,EUR,HKD,8.70532
2025-11-19,EUR,USD,1.11623
2025-11-19,USD,HKD,7.79886
2025-11-20,EUR,GBP,0.8694
2025-11-20,EUR,HKD,8.7885
2025-11-20,EUR,USD,1.12618
2025-11-20,USD,HKD,7.80381
2025-11-21,EUR,GBP,0.87085
2025-11-21,EUR,HKD,8.74473
2025-11-21,EUR,USD,1.12215
2025-11-21,USD,HKD,7.79284
2025-11-24,EUR,GBP,0.86936
2025-11-24,EUR,HKD,8.72606
2025-11-24,EUR,USD,1.11887
2025-11-24,USD,HKD,7.79899
2025-11-25,EUR,GBP,0.87175
2025-11-25,EUR,HKD,8.76282
2025-11-25,EUR,USD,1.12346
2025-11-25,USD,HKD,7.79985
2025-11-26,EUR,GBP,0.8704
2025-11-26,EUR,HKD,8.77244
2025-11-26,EUR,USD,1.12478
2025-11-26,USD,HKD,7.79925
2025-11-27,EUR,GBP,0.87073
2025-11-27,EUR,HKD,8.80241
2025-11-27,EUR,USD,1.12789
2025-11-27,USD,HKD,7.80432
2025-11-28,EUR,GBP,0.86988
2025-11-28,EUR,HKD,8.77569
2025-11-28,EUR,USD,1.12504
2025-11-28,USD,HKD,7.80034
2025-12-01,EUR,GBP,0.86662
2025-12-01,EUR,HKD,8.77448
2025-12-01,EUR,USD,1.12586
2025-12-01,USD,HKD,7.79358
2025-12-02,EUR,GBP,0.86435
2025-12-02,EUR,HKD,8.77965
2025-12-02,EUR,USD,1.12586
2025-12-02,USD,HKD,7.79817
2025-12-03,EUR,GBP,0.86623
2025-12-03,EUR,HKD,8.77382
2025-12-03,EUR,USD,1.1253
2025-12-03,USD,HKD,7.79687
2025-12-04,EUR,GBP,0.87052
2025-12-04,EUR,HKD,8.85245
2025-12-04,EUR,USD,1.13495
2025-12-04,USD,HKD,7.79986
2025-12-05,EUR,GBP,0.87263
2025-12-05,EUR,HKD,8.86131
2025-12-05,EUR,USD,1.13638
2025-12-05,USD,HKD,7.79784
2025-12-08,EUR,GBP,0.8725
2025-12-08,EUR,HKD,8.8745
2025-12-08,EUR,USD,1.13755
2025-12-08,USD,HKD,7.80142
2025-12-09,EUR,GBP,0.87303
2025-12-09,EUR,HKD,8.90564
2025-12-09,EUR,USD,1.14147
2025-12-09,USD,HKD,7.8019
2025-12-10,EUR,GBP,0.87455
2025-12-10,EUR,HKD,8.89024
2025-12-10,EUR,USD,1.13956
2025-12-10,USD,HKD,7.80147
2025-12-11,EUR,GBP,0.86958
2025-12-11,EUR,HKD,8.91878
2025-12-11,EUR,USD,1.14256
2025-12-11,USD,HKD,7.80596
2025-12-12,EUR,GBP,0.86969
2025-12-12,EUR,HKD,8.85675
2025-12-12,EUR,USD,1.13559
2025-12-12,USD,HKD,7.79925
2025-12-15,EUR,GBP,0.86318
2025-12-15,EUR,HKD,8.86885
2025-12-15,EUR,USD,1.13674
2025-12-15,USD,HKD,7.802
2025-12-16,EUR,GBP,0.86442
2025-12-16,EUR,HKD,8.82937
2025-12-16,EUR,USD,1.13162
2025-12-16,USD,HKD,7.80242
2025-12-17,EUR,GBP,0.86246
2025-12-17,EUR,HKD,8.80583
2025-12-17,EUR,USD,1.12906
2025-12-17,USD,HKD,7.79926
2025-12-18,EUR,GBP,0.86377
2025-12-18,EUR,HKD,8.80371
2025-12-18,EUR,USD,1.1289
2025-12-18,USD,HKD,7.79849
2025-12-19,EUR,GBP,0.86353
2025-12-19,EUR,HKD,8.84336
2025-12-19,EUR,USD,1.13381
2025-12-19,USD,HKD,7.79968
2025-12-22,EUR,GBP,0.86649
2025-12-22,EUR,USD,1.13091
2025-12-22,USD,HKD,7.80417
2025-12-23,EUR,GBP,0.86664
2025-12-23,EUR,HKD,8.8348
2025-12-23,EUR,USD,1.13184
2025-12-23,USD,HKD,7.8057
2025-12-24,EUR,GBP,0.86684
2025-12-24,EUR,HKD,8.81653
2025-12-24,EUR,USD,1.12976
2025-12-24,USD,HKD,7.8039
2025-12-29,EUR,GBP,0.86503
2025-12-29,EUR,HKD,8.84674
2025-12-29,EUR,USD,1.13398
2025-12-29,USD,HKD,7.8015
2025-12-30,EUR,GBP,0.86866
2025-12-30,EUR,HKD,8.866
2025-12-30,EUR,USD,1.13726
2025-12-30,USD,HKD,7.79593
2025-12-31,EUR,GBP,0.8703
2025-12-31,EUR,HKD,8.86904
2025-12-31,EUR,USD,1.13729
2025-12-31,USD,HKD,7.7984
2026-01-02,EUR,GBP,0.87117
2026-01-02,EUR,USD,1.1353
2026-01-02,USD,HKD,7.79996
2026-01-05,EUR,GBP,0.87117
2026-01-05,EUR,HKD,8.8097
2026-01-05,EUR,USD,1.12949
2026-01-05,USD,HKD,7.79971
2026-01-06,EUR,GBP,0.87164
2026-01-06,EUR,HKD,8.76808
2026-01-06,EUR,USD,1.12386
2026-01-06,USD,HKD,7.80175
2026-01-07,EUR,GBP,0.87351
2026-01-07,EUR,HKD,8.76485
2026-01-07,EUR,USD,1.12359
2026-01-07,USD,HKD,7.80075
2026-01-08,EUR,GBP,0.87393
2026-01-08,EUR,HKD,8.71255
2026-01-08,EUR,USD,1.11697
2026-01-08,USD,HKD,7.80016
2026-01-09,EUR,GBP,0.87288
2026-01-09,EUR,USD,1.11446
2026-01-09,USD,HKD,7.80006
2026-01-12,EUR,GBP,0.87358
2026-01-12,EUR,HKD,8.7085
2026-01-12,EUR,USD,1.11624
2026-01-12,USD,HKD,7.80164
2026-01-13,EUR,GBP,0.87588
2026-01-13,EUR,HKD,8.74836
2026-01-13,EUR,USD,1.12165
2026-01-13,USD,HKD,7.79955
2026-01-14,EUR,GBP,0.87657
2026-01-14,EUR,HKD,8.68165
2026-01-14,EUR,USD,1.11275
2026-01-14,USD,HKD,7.80198
2026-01-15,EUR,GBP,0.87764
2026-01-15,EUR,HKD,8.64381
2026-01-15,EUR,USD,1.10927
2026-01-15,USD,HKD,7.79234
2026-01-16,EUR,GBP,0.87682
2026-01-16,EUR,HKD,8.68757
2026-01-16,EUR,USD,1.11351
2026-01-16,USD,HKD,7.80197
2026-01-19,EUR,GBP,0.87503
2026-01-19,EUR,HKD,8.70156
2026-01-19,EUR,USD,1.1158
2026-01-19,USD,HKD,7.79849
2026-01-20,EUR,GBP,0.87137
2026-01-20,EUR,HKD,8.71597
2026-01-20,EUR,USD,1.1174
2026-01-20,USD,HKD,7.80022
2026-01-21,EUR,GBP,0.86696
2026-01-21,EUR,HKD,8.69669
2026-01-21,EUR,USD,1.11477
2026-01-21,USD,HKD,7.80133
2026-01-22,EUR,GBP,0.86624
2026-01-22,EUR,HKD,8.67999
2026-01-22,EUR,USD,1.1123
2026-01-22,USD,HKD,7.80364
2026-01-23,EUR,GBP,0.8652
2026-01-23,EUR,HKD,8.69192
2026-01-23,EUR,USD,1.11485
2026-01-23,USD,HKD,7.79649
2026-01-26,EUR,GBP,0.86614
2026-01-26,EUR,HKD,8.75787
2026-01-26,EUR,USD,1.12246
2026-01-26,USD,HKD,7.80239
2026-01-27,EUR,GBP,0.86256
2026-01-27,EUR,HKD,8.80784
2026-01-27,EUR,USD,1.13018
2026-01-27,USD,HKD,7.79331
2026-01-28,EUR,GBP,0.86008
2026-01-28,EUR,HKD,8.84905
2026-01-28,EUR,USD,1.13514
2026-01-28,USD,HKD,7.79556
2026-01-29,EUR,GBP,0.85873
2026-01-29,EUR,HKD,8.82766
2026-01-29,EUR,USD,1.1316
2026-01-29,USD,HKD,7.80104
2026-01-30,EUR,GBP,0.85888
2026-01-30,EUR,HKD,8.80112
2026-01-30,EUR,USD,1.12848
2026-01-30,USD,HKD,7.79909
2026-02-02,EUR,GBP,0.85955
2026-02-02,EUR,HKD,8.79981
2026-02-02,EUR,USD,1.12863
2026-02-02,USD,HKD,7.7969
2026-02-03,EUR,GBP,0.86009
2026-02-03,EUR,HKD,8.84556
2026-02-03,EUR,USD,1.13396
2026-02-03,USD,HKD,7.80059
2026-02-04,EUR,GBP,0.86114
2026-02-04,EUR,HKD,8.89226
2026-02-04,EUR,USD,1.13913
2026-02-04,USD,HKD,7.80619
2026-02-05,EUR,GBP,0.85859
2026-02-05,EUR,USD,1.13863
2026-02-05,USD,HKD,7.80198
2026-02-06,EUR,GBP,0.86269
2026-02-06,EUR,HKD,8.87243
2026-02-06,EUR,USD,1.13679
2026-02-06,USD,HKD,7.80481
2026-02-09,EUR,GBP,0.85936
2026-02-09,EUR,HKD,8.92648
2026-02-09,EUR,USD,1.14526
2026-02-09,USD,HKD,7.79428
2026-02-10,EUR,GBP,0.86357
2026-02-10,EUR,HKD,8.97495
2026-02-10,EUR,USD,1.15141
2026-02-10,USD,HKD,7.79475
2026-02-11,EUR,GBP,0.86414
2026-02-11,EUR,HKD,8.93786
2026-02-11,EUR,USD,1.14629
2026-02-11,USD,HKD,7.79721
2026-02-12,EUR,GBP,0.86467
2026-02-12,EUR,HKD,8.92658
2026-02-12,EUR,USD,1.14475
2026-02-12,USD,HKD,7.79784
2026-02-13,EUR,GBP,0.86589
2026-02-13,EUR,HKD,8.8781
2026-02-13,EUR,USD,1.13795
2026-02-13,USD,HKD,7.80184
2026-02-16,EUR,GBP,0.86458
2026-02-16,EUR,HKD,8.88881
2026-02-16,EUR,USD,1.13904
2026-02-16,USD,HKD,7.80377
2026-02-17,EUR,GBP,0.86615
2026-02-17,EUR,HKD,8.87929
2026-02-17,EUR,USD,1.13761
2026-02-17,USD,HKD,7.80521
2026-02-18,EUR,GBP,0.86737
2026-02-18,EUR,HKD,8.83853
2026-02-18,EUR,USD,1.13275
2026-02-18,USD,HKD,7.80272
2026-02-19,EUR,GBP,0.86483
2026-02-19,EUR,HKD,8.7937
2026-02-19,EUR,USD,1.12669
2026-02-19,USD,HKD,7.8049
2026-02-20,EUR,GBP,0.86378
2026-02-20,EUR,HKD,8.75703
2026-02-20,EUR,USD,1.12347
2026-02-20,USD,HKD,7.79463
2026-02-23,EUR,GBP,0.8652
2026-02-23,EUR,USD,1.12358
2026-02-23,USD,HKD,7.79365
2026-02-24,EUR,GBP,0.86918
2026-02-24,EUR,HKD,8.76162
2026-02-24,EUR,USD,1.12297
2026-02-24,USD,HKD,7.80219
2026-02-25,EUR,GBP,0.87096
2026-02-25,EUR,HKD,8.81865
2026-02-25,EUR,USD,1.12975
2026-02-25,USD,HKD,7.80584
2026-02-26,EUR,GBP,0.86914
2026-02-26,EUR,HKD,8.84845
2026-02-26,EUR,USD,1.13404
2026-02-26,USD,HKD,7.80259
2026-02-27,EUR,GBP,0.87332
2026-02-27,EUR,HKD,8.8109
2026-02-27,EUR,USD,1.13036
2026-02-27,USD,HKD,7.79477
2026-03-02,EUR,GBP,0.872
2026-03-02,EUR,HKD,8.7871
2026-03-02,EUR,USD,1.12754
2026-03-02,USD,HKD,7.79316
2026-03-03,EUR,GBP,0.87021
2026-03-03,EUR,HKD,8.76544
2026-03-03,EUR,USD,1.12394
2026-03-03,USD,HKD,7.79885
2026-03-04,EUR,GBP,0.87004
2026-03-04,EUR,HKD,8.77671
2026-03-04,EUR,USD,1.12515
2026-03-04,USD,HKD,7.80048
2026-03-05,EUR,GBP,0.86923
2026-03-05,EUR,HKD,8.76773
2026-03-05,EUR,USD,1.12386
2026-03-05,USD,HKD,7.80144
2026-03-06,EUR,GBP,0.86475
2026-03-06,EUR,HKD,8.65767
2026-03-06,EUR,USD,1.11008
2026-03-06,USD,HKD,7.79914
2026-03-09,EUR,GBP,0.86661
2026-03-09,EUR,HKD,8.69287
2026-03-09,EUR,USD,1.1147
2026-03-09,USD,HKD,7.79839
2026-03-10,EUR,GBP,0.86726
2026-03-10,EUR,HKD,8.67787
2026-03-10,EUR,USD,1.11263
2026-03-10,USD,HKD,7.79942
2026-03-11,EUR,GBP,0.8647
2026-03-11,EUR,HKD,8.68677
2026-03-11,EUR,USD,1.11384
2026-03-11,USD,HKD,7.79894
2026-03-12,EUR,GBP,0.8674
2026-03-12,EUR,HKD,8.67237
2026-03-12,EUR,USD,1.11123
2026-03-12,USD,HKD,7.8043
2026-03-13,EUR,GBP,0.86476
2026-03-13,EUR,HKD,8.66191
2026-03-13,EUR,USD,1.10976
2026-03-13,USD,HKD,7.80521
2026-03-16,EUR,GBP,0.86195
2026-03-16,EUR,HKD,8.65206
2026-03-16,EUR,USD,1.10861
2026-03-16,USD,HKD,7.80442
2026-03-17,EUR,GBP,0.85891
2026-03-17,EUR,HKD,8.60038
2026-03-17,EUR,USD,1.10254
2026-03-17,USD,HKD,7.80052
2026-03-18,EUR,GBP,0.85787
2026-03-18,EUR,HKD,8.57804
2026-03-18,EUR,USD,1.10032
2026-03-18,USD,HKD,7.79595
2026-03-19,EUR,GBP,0.85971
2026-03-19,EUR,HKD,8.57344
2026-03-19,EUR,USD,1.09908
2026-03-19,USD,HKD,7.80056
2026-03-20,EUR,GBP,0.86035
2026-03-20,EUR,HKD,8.5203
2026-03-20,EUR,USD,1.0919
2026-03-20,USD,HKD,7.80319
2026-03-23,EUR,GBP,0.85715
2026-03-23,EUR,HKD,8.55318
2026-03-23,EUR,USD,1.09647
2026-03-23,USD,HKD,7.80065
2026-03-24,EUR,GBP,0.85847
2026-03-24,EUR,HKD,8.54228
2026-03-24,EUR,USD,1.09595
2026-03-24,USD,HKD,7.79441
2026-03-25,EUR,GBP,0.85788
2026-03-25,EUR,HKD,8.54806
2026-03-25,EUR,USD,1.0954
2026-03-25,USD,HKD,7.8036
2026-03-26,EUR,GBP,0.85421
2026-03-26,EUR,HKD,8.54937
2026-03-26,EUR,USD,1.0959
2026-03-26,USD,HKD,7.80123
2026-03-27,EUR,GBP,0.84939
2026-03-27,EUR,HKD,8.50783
2026-03-27,EUR,USD,1.08998
2026-03-27,USD,HKD,7.80549
2026-03-30,EUR,GBP,0.8482
2026-03-30,EUR,HKD,8.51499
2026-03-30,EUR,USD,1.09187
2026-03-30,USD,HKD,7.79854
2026-03-31,EUR,GBP,0.85138
2026-03-31,EUR,HKD,8.50025
2026-03-31,EUR,USD,1.08959
2026-03-31,USD,HKD,7.80133
2026-04-01,EUR,GBP,0.84722
2026-04-01,EUR,HKD,8.54153
2026-04-01,EUR,USD,1.09547
2026-04-01,USD,HKD,7.79714
2026-04-02,EUR,GBP,0.8476
2026-04-02,EUR,HKD,8.53852
2026-04-02,EUR,USD,1.09427
2026-04-02,USD,HKD,7.80294
2026-04-07,EUR,GBP,0.8461
2026-04-07,EUR,HKD,8.57883
2026-04-07,EUR,USD,1.09905
2026-04-07,USD,HKD,7.80568
2026-04-08,EUR,GBP,0.84508
2026-04-08,EUR,HKD,8.59762
2026-04-08,EUR,USD,1.10216
2026-04-08,USD,HKD,7.8007
2026-04-09,EUR,GBP,0.83984
2026-04-09,EUR,HKD,8.55443
2026-04-09,EUR,USD,1.09712
2026-04-09,USD,HKD,7.79717
2026-04-10,EUR,GBP,0.84586
2026-04-10,EUR,HKD,8.55187
2026-04-10,EUR,USD,1.09651
2026-04-10,USD,HKD,7.79917
2026-04-13,EUR,GBP,0.84919
2026-04-13,EUR,HKD,8.56529
2026-04-13,EUR,USD,1.09771
2026-04-13,USD,HKD,7.80287
2026-04-14,EUR,GBP,0.84801
2026-04-14,EUR,HKD,8.61257
2026-04-14,EUR,USD,1.10427
2026-04-14,USD,HKD,7.79933
2026-04-15,EUR,GBP,0.8474
2026-04-15,EUR,HKD,8.57595
2026-04-15,EUR,USD,1.09944
2026-04-15,USD,HKD,7.80029
2026-04-16,EUR,GBP,0.84221
2026-04-16,EUR,HKD,8.56102
2026-04-16,EUR,USD,1.09768
2026-04-16,USD,HKD,7.79919
2026-04-17,EUR,GBP,0.83973
2026-04-17,EUR,HKD,8.54765
2026-04-17,EUR,USD,1.09666
2026-04-17,USD,HKD,7.79426
2026-04-20,EUR,GBP,0.83953
2026-04-20,EUR,HKD,8.62641
2026-04-20,EUR,USD,1.10634
2026-04-20,USD,HKD,7.79725
2026-04-21,EUR,GBP,0.84378
2026-04-21,EUR,HKD,8.6102
2026-04-21,EUR,USD,1.10423
2026-04-21,USD,HKD,7.79747
2026-04-22,EUR,GBP,0.84268
2026-04-22,EUR,HKD,8.6041
2026-04-22,EUR,USD,1.10364
2026-04-22,USD,HKD,7.79611
2026-04-23,EUR,GBP,0.84456
2026-04-23,EUR,HKD,8.56635
2026-04-23,EUR,USD,1.09799
2026-04-23,USD,HKD,7.80185
2026-04-24,EUR,GBP,0.84454
2026-04-24,EUR,HKD,8.54401
2026-04-24,EUR,USD,1.09569
2026-04-24,USD,HKD,7.79784
2026-04-27,EUR,GBP,0.84238
2026-04-27,EUR,HKD,8.58079
2026-04-27,EUR,USD,1.10005
2026-04-27,USD,HKD,7.80036
2026-04-28,EUR,GBP,0.84564
2026-04-28,EUR,HKD,8.55969
2026-04-28,EUR,USD,1.0977
2026-04-28,USD,HKD,7.79784
2026-04-29,EUR,GBP,0.84349
2026-04-29,EUR,HKD,8.55237
2026-04-29,EUR,USD,1.09629
2026-04-29,USD,HKD,7.80119
2026-04-30,EUR,GBP,0.84146
2026-04-30,EUR,HKD,8.54254
2026-04-30,EUR,USD,1.09502
2026-04-30,USD,HKD,7.80126
2026-05-04,EUR,GBP,0.84388
2026-05-04,EUR,HKD,8.5064
2026-05-04,EUR,USD,1.09092
2026-05-04,USD,HKD,7.79746
2026-05-05,EUR,GBP,0.84043
2026-05-05,EUR,HKD,8.46054
2026-05-05,EUR,USD,1.08425
2026-05-05,USD,HKD,7.80313
2026-05-06,EUR,GBP,0.84592
2026-05-06,EUR,HKD,8.45609
2026-05-06,EUR,USD,1.08391
2026-05-06,USD,HKD,7.80147
2026-05-07,EUR,GBP,0.84075
2026-05-07,EUR,HKD,8.43732
2026-05-07,EUR,USD,1.08155
2026-05-07,USD,HKD,7.80114
2026-05-08,EUR,GBP,0.84035
2026-05-08,EUR,HKD,8.3909
2026-05-08,EUR,USD,1.07461
2026-05-08,USD,HKD,7.80832
2026-05-11,EUR,GBP,0.84102
2026-05-11,EUR,HKD,8.36398
2026-05-11,EUR,USD,1.07197
2026-05-11,USD,HKD,7.80244
2026-05-12,EUR,GBP,0.83612
2026-05-12,EUR,HKD,8.34661
2026-05-12,EUR,USD,1.06986
2026-05-12,USD,HKD,7.80159
2026-05-13,EUR,GBP,0.83613
2026-05-13,EUR,HKD,8.38302
2026-05-13,EUR,USD,1.07515
2026-05-13,USD,HKD,7.79707
2026-05-14,EUR,GBP,0.83844
2026-05-14,EUR,HKD,8.39687
2026-05-14,EUR,USD,1.07657
2026-05-14,USD,HKD,7.79965
2026-05-15,EUR,GBP,0.84122
2026-05-15,EUR,HKD,8.44276
2026-05-15,EUR,USD,1.08204
2026-05-15,USD,HKD,7.80263
2026-05-18,EUR,GBP,0.84129
2026-05-18,EUR,USD,1.07751
2026-05-18,USD,HKD,7.80083
2026-05-19,EUR,GBP,0.83977
2026-05-19,EUR,HKD,8.37169
2026-05-19,EUR,USD,1.07328
2026-05-19,USD,HKD,7.8001
2026-05-20,EUR,GBP,0.83856
2026-05-20,EUR,HKD,8.42624
2026-05-20,EUR,USD,1.08025
2026-05-20,USD,HKD,7.80027
2026-05-21,EUR,GBP,0.84566
2026-05-21,EUR,HKD,8.41691
2026-05-21,EUR,USD,1.07957
2026-05-21,USD,HKD,7.79654
2026-05-22,EUR,GBP,0.84821
2026-05-22,EUR,HKD,8.44353
2026-05-22,EUR,USD,1.08262
2026-05-22,USD,HKD,7.79916
2026-05-25,EUR,GBP,0.84956
2026-05-25,EUR,HKD,8.44367
2026-05-25,EUR,USD,1.08189
2026-05-25,USD,HKD,7.80455
2026-05-26,EUR,GBP,0.84475
2026-05-26,EUR,HKD,8.37986
2026-05-26,EUR,USD,1.07538
2026-05-26,USD,HKD,7.79246
2026-05-27,EUR,GBP,0.8457
2026-05-27,EUR,HKD,8.43475
2026-05-27,EUR,USD,1.08073
2026-05-27,USD,HKD,7.80468
2026-05-28,EUR,GBP,0.84852
2026-05-28,EUR,HKD,8.38826
2026-05-28,EUR,USD,1.07557
2026-05-28,USD,HKD,7.7989
2026-05-29,EUR,GBP,0.8516
2026-05-29,EUR,HKD,8.40419
2026-05-29,EUR,USD,1.07768
2026-05-29,USD,HKD,7.79841
2026-06-01,EUR,GBP,0.85508
2026-06-01,EUR,HKD,8.42807
2026-06-01,EUR,USD,1.08017
2026-06-01,USD,HKD,7.80254
2026-06-02,EUR,GBP,0.85539
2026-06-02,EUR,HKD,8.41789
2026-06-02,EUR,USD,1.07837
2026-06-02,USD,HKD,7.80612
2026-06-03,EUR,GBP,0.85463
2026-06-03,EUR,HKD,8.44043
2026-06-03,EUR,USD,1.08283
2026-06-03,USD,HKD,7.79479
2026-06-04,EUR,GBP,0.85302
2026-06-04,EUR,HKD,8.45233
2026-06-04,EUR,USD,1.08357
2026-06-04,USD,HKD,7.80045
2026-06-05,EUR,GBP,0.85381
2026-06-05,EUR,HKD,8.47828
2026-06-05,EUR,USD,1.08708
2026-06-05,USD,HKD,7.79913
2026-06-08,EUR,GBP,0.8531
2026-06-08,EUR,HKD,8.48032
2026-06-08,EUR,USD,1.08774
2026-06-08,USD,HKD,7.79627
2026-06-09,EUR,GBP,0.85301
2026-06-09,EUR,HKD,8.5027
2026-06-09,EUR,USD,1.09021
2026-06-09,USD,HKD,7.79914
2026-06-10,EUR,GBP,0.84886
2026-06-10,EUR,HKD,8.50168
2026-06-10,EUR,USD,1.08982
2026-06-10,USD,HKD,7.80099
2026-06-11,EUR,GBP,0.8467
2026-06-11,EUR,HKD,8.51104
2026-06-11,EUR,USD,1.09191
2026-06-11,USD,HKD,7.79464
2026-06-12,EUR,GBP,0.84531
2026-06-12,EUR,HKD,8.49224
2026-06-12,EUR,USD,1.08943
2026-06-12,USD,HKD,7.79512
2026-06-15,EUR,GBP,0.84553
2026-06-15,EUR,HKD,8.49324
2026-06-15,EUR,USD,1.08929
2026-06-15,USD,HKD,7.79704
2026-06-16,EUR,GBP,0.84597
2026-06-16,EUR,HKD,8.49113
2026-06-16,EUR,USD,1.08885
2026-06-16,USD,HKD,7.79826
2026-06-17,EUR,GBP,0.84703
2026-06-17,EUR,HKD,8.52483
2026-06-17,EUR,USD,1.09193
2026-06-17,USD,HKD,7.80712
2026-06-18,EUR,GBP,0.84214
2026-06-18,EUR,HKD,8.49023
2026-06-18,EUR,USD,1.08838
2026-06-18,USD,HKD,7.8008
2026-06-19,EUR,GBP,0.84208
2026-06-19,EUR,HKD,8.47831
2026-06-19,EUR,USD,1.08739
2026-06-19,USD,HKD,7.79694
2026-06-22,EUR,GBP,0.83859
2026-06-22,EUR,HKD,8.50235
2026-06-22,EUR,USD,1.09025
2026-06-22,USD,HKD,7.79853
2026-06-23,EUR,GBP,0.83495
2026-06-23,EUR,HKD,8.49895
2026-06-23,EUR,USD,1.09045
2026-06-23,USD,HKD,7.79398
2026-06-24,EUR,GBP,0.83746
2026-06-24,EUR,HKD,8.47645
2026-06-24,EUR,USD,1.08635
2026-06-24,USD,HKD,7.80269
2026-06-25,EUR,GBP,0.83519
2026-06-25,EUR,HKD,8.41557
2026-06-25,EUR,USD,1.07872
2026-06-25,USD,HKD,7.80144
2026-06-26,EUR,GBP,0.83455
2026-06-26,EUR,HKD,8.38625
2026-06-26,EUR,USD,1.07539
2026-06-26,USD,HKD,7.79833
2026-06-29,EUR,GBP,0.83326
2026-06-29,EUR,HKD,8.40362
2026-06-29,EUR,USD,1.07758
2026-06-29,USD,HKD,7.7986
2026-06-30,EUR,GBP,0.83005
2026-06-30,EUR,USD,1.07437
2026-06-30,USD,HKD,7.79627
2026-07-01,EUR,GBP,0.82924
2026-07-01,EUR,HKD,8.40788
2026-07-01,EUR,USD,1.07761
2026-07-01,USD,HKD,7.80234
2026-07-02,EUR,GBP,0.82894
2026-07-02,EUR,HKD,8.36208
2026-07-02,EUR,USD,1.07237
2026-07-02,USD,HKD,7.79776
2026-07-03,EUR,GBP,0.83085
2026-07-03,EUR,HKD,8.34709
2026-07-03,EUR,USD,1.07103
2026-07-03,USD,HKD,7.79352
2026-07-06,EUR,GBP,0.83252
2026-07-06,EUR,HKD,8.3648
2026-07-06,EUR,USD,1.07269
2026-07-06,USD,HKD,7.79797
2026-07-07,EUR,GBP,0.83508
2026-07-07,EUR,HKD,8.34902
2026-07-07,EUR,USD,1.07027
2026-07-07,USD,HKD,7.80085
2026-07-08,EUR,GBP,0.83519
2026-07-08,EUR,HKD,8.34503
2026-07-08,EUR,USD,1.06918
2026-07-08,USD,HKD,7.80507
2026-07-09,EUR,GBP,0.83674
2026-07-09,EUR,HKD,8.37236
2026-07-09,EUR,USD,1.07367
2026-07-09,USD,HKD,7.79789
2026-07-10,EUR,GBP,0.83821
2026-07-10,EUR,HKD,8.38059
2026-07-10,EUR,USD,1.07394
2026-07-10,USD,HKD,7.80359
2026-07-13,EUR,GBP,0.84079
2026-07-13,EUR,HKD,8.32176
2026-07-13,EUR,USD,1.06712
2026-07-13,USD,HKD,7.79834
2026-07-14,EUR,GBP,0.84218
2026-07-14,EUR,HKD,8.35142
2026-07-14,EUR,USD,1.06984
2026-07-14,USD,HKD,7.80623
2026-07-15,EUR,GBP,0.83752
2026-07-15,EUR,HKD,8.32047
2026-07-15,EUR,USD,1.0663
2026-07-15,USD,HKD,7.80312
2026-07-16,EUR,GBP,0.83503
2026-07-16,EUR,HKD,8.32435
2026-07-16,EUR,USD,1.06703
2026-07-16,USD,HKD,7.80142
2026-07-17,EUR,GBP,0.83674
2026-07-17,EUR,USD,1.06746
2026-07-17,USD,HKD,7.79576
2026-07-20,EUR,GBP,0.83628
2026-07-20,EUR,HKD,8.31412
2026-07-20,EUR,USD,1.06595
2026-07-20,USD,HKD,7.79973
2026-07-21,EUR,GBP,0.83454
2026-07-21,EUR,HKD,8.29049
2026-07-21,EUR,USD,1.06303
2026-07-21,USD,HKD,7.79892
2026-07-22,EUR,GBP,0.82924
2026-07-22,EUR,HKD,8.28521
2026-07-22,EUR,USD,1.06282
2026-07-22,USD,HKD,7.7955
2026-07-23,EUR,GBP,0.83262
2026-07-23,EUR,HKD,8.30061
2026-07-23,EUR,USD,1.06462
2026-07-23,USD,HKD,7.79678
2026-07-24,EUR,GBP,0.83409
2026-07-24,EUR,HKD,8.28848
2026-07-24,EUR,USD,1.06259
2026-07-24,USD,HKD,7.80026
2026-07-27,EUR,GBP,0.82781
2026-07-27,EUR,HKD,8.31344
2026-07-27,EUR,USD,1.06608
2026-07-27,USD,HKD,7.79814
2026-07-28,EUR,GBP,0.82485
2026-07-28,EUR,HKD,8.35766
2026-07-28,EUR,USD,1.07136
2026-07-28,USD,HKD,7.80098
2026-07-29,EUR,GBP,0.8258
2026-07-29,EUR,HKD,8.3809
2026-07-29,EUR,USD,1.07447
2026-07-29,USD,HKD,7.80003
2026-07-30,EUR,GBP,0.81976
2026-07-30,EUR,HKD,8.37085
2026-07-30,EUR,USD,1.07327
2026-07-30,USD,HKD,7.79939
2026-07-31,EUR,GBP,0.81819
2026-07-31,EUR,HKD,8.36499
2026-07-31,EUR,USD,1.07178
2026-07-31,USD,HKD,7.80476
2026-08-03,EUR,GBP,0.81511
2026-08-03,EUR,HKD,8.35094
2026-08-03,EUR,USD,1.0703
2026-08-03,USD,HKD,7.80243
2026-08-04,EUR,GBP,0.81117
2026-08-04,EUR,HKD,8.32165
2026-08-04,EUR,USD,1.06633
2026-08-04,USD,HKD,7.80401
2026-08-05,EUR,GBP,0.81116
2026-08-05,EUR,HKD,8.25327
2026-08-05,EUR,USD,1.05794
2026-08-05,USD,HKD,7.80126
2026-08-06,EUR,GBP,0.80794
2026-08-06,EUR,USD,1.06787
2026-08-06,USD,HKD,7.8027
2026-08-07,EUR,GBP,0.80751
2026-08-07,EUR,HKD,8.32092
2026-08-07,EUR,USD,1.0668
2026-08-07,USD,HKD,7.79989
2026-08-10,EUR,GBP,0.80806
2026-08-10,EUR,HKD,8.37445
2026-08-10,EUR,USD,1.07387
2026-08-10,USD,HKD,7.79838
2026-08-11,EUR,GBP,0.80866
2026-08-11,EUR,HKD,8.37872
2026-08-11,EUR,USD,1.07395
2026-08-11,USD,HKD,7.80178
2026-08-12,EUR,GBP,0.8096
2026-08-12,EUR,HKD,8.39481
2026-08-12,EUR,USD,1.0761
2026-08-12,USD,HKD,7.80114
2026-08-13,EUR,GBP,0.8109
2026-08-13,EUR,HKD,8.39024
2026-08-13,EUR,USD,1.07643
2026-08-13,USD,HKD,7.79451
2026-08-14,EUR,GBP,0.80995
2026-08-14,EUR,HKD,8.38488
2026-08-14,EUR,USD,1.07399
2026-08-14,USD,HKD,7.80722
2026-08-17,EUR,GBP,0.81616
2026-08-17,EUR,HKD,8.37437
2026-08-17,EUR,USD,1.07382
2026-08-17,USD,HKD,7.79867
2026-08-18,EUR,GBP,0.81875
2026-08-18,EUR,HKD,8.39791
2026-08-18,EUR,USD,1.07711
2026-08-18,USD,HKD,7.79671
2026-08-19,EUR,GBP,0.81802
2026-08-19,EUR,HKD,8.40236
2026-08-19,EUR,USD,1.07728
2026-08-19,USD,HKD,7.79961
2026-08-20,EUR,GBP,0.81891
2026-08-20,EUR,HKD,8.38224
2026-08-20,EUR,USD,1.07442
2026-08-20,USD,HKD,7.80164
2026-08-21,EUR,GBP,0.81515
2026-08-21,EUR,HKD,8.38888
2026-08-21,EUR,USD,1.07531
2026-08-21,USD,HKD,7.80136
2026-08-24,EUR,GBP,0.81612
2026-08-24,EUR,HKD,8.33883
2026-08-24,EUR,USD,1.0694
2026-08-24,USD,HKD,7.79767
2026-08-25,EUR,GBP,0.81738
2026-08-25,EUR,HKD,8.43326
2026-08-25,EUR,USD,1.08082
2026-08-25,USD,HKD,7.80265
2026-08-26,EUR,GBP,0.81534
2026-08-26,EUR,HKD,8.40969
2026-08-26,EUR,USD,1.07788
2026-08-26,USD,HKD,7.80207
2026-08-27,EUR,GBP,0.81536
2026-08-27,EUR,HKD,8.43004
2026-08-27,EUR,USD,1.08104
2026-08-27,USD,HKD,7.79808
2026-08-28,EUR,GBP,0.81207
2026-08-28,EUR,HKD,8.46488
2026-08-28,EUR,USD,1.08505
2026-08-28,USD,HKD,7.80137
2026-08-31,EUR,GBP,0.81153
2026-08-31,EUR,HKD,8.53625
2026-08-31,EUR,USD,1.09427
2026-08-31,USD,HKD,7.80086
2026-09-01,EUR,GBP,0.81137
2026-09-01,EUR,HKD,8.53959
2026-09-01,EUR,USD,1.09516
2026-09-01,USD,HKD,7.79757
2026-09-02,EUR,GBP,0.8134
2026-09-02,EUR,HKD,8.54834
2026-09-02,EUR,USD,1.09584
2026-09-02,USD,HKD,7.80072
2026-09-03,EUR,GBP,0.81241
2026-09-03,EUR,HKD,8.557
2026-09-03,EUR,USD,1.09704
2026-09-03,USD,HKD,7.80008
2026-09-04,EUR,GBP,0.81
2026-09-04,EUR,HKD,8.52076
2026-09-04,EUR,USD,1.0923
2026-09-04,USD,HKD,7.80075
2026-09-07,EUR,GBP,0.80423
2026-09-07,EUR,HKD,8.50878
2026-09-07,EUR,USD,1.09108
2026-09-07,USD,HKD,7.79849
2026-09-08,EUR,GBP,0.80224
2026-09-08,EUR,HKD,8.53624
2026-09-08,EUR,USD,1.09478
2026-09-08,USD,HKD,7.79722
2026-09-09,EUR,GBP,0.80291
2026-09-09,EUR,HKD,8.46306
2026-09-09,EUR,USD,1.08521
2026-09-09,USD,HKD,7.79855
2026-09-10,EUR,GBP,0.80453
2026-09-10,EUR,HKD,8.45097
2026-09-10,EUR,USD,1.08358
2026-09-10,USD,HKD,7.79912
2026-09-11,EUR,GBP,0.80948
2026-09-11,EUR,HKD,8.44019
2026-09-11,EUR,USD,1.08179
2026-09-11,USD,HKD,7.80206
2026-09-14,EUR,GBP,0.80916
2026-09-14,EUR,HKD,8.46383
2026-09-14,EUR,USD,1.08533
2026-09-14,USD,HKD,7.79839
2026-09-15,EUR,GBP,0.80583
2026-09-15,EUR,HKD,8.39267
2026-09-15,EUR,USD,1.07706
2026-09-15,USD,HKD,7.7922
2026-09-16,EUR,GBP,0.80777
2026-09-16,EUR,HKD,8.30459
2026-09-16,EUR,USD,1.06459
2026-09-16,USD,HKD,7.80074
2026-09-17,EUR,GBP,0.80563
2026-09-17,EUR,HKD,8.27899
2026-09-17,EUR,USD,1.06207
2026-09-17,USD,HKD,7.79515
2026-09-18,EUR,GBP,0.80191
2026-09-18,EUR,HKD,8.31197
2026-09-18,EUR,USD,1.06549
2026-09-18,USD,HKD,7.80108
2026-09-21,EUR,GBP,0.79943
2026-09-21,EUR,HKD,8.34849
2026-09-21,EUR,USD,1.07043
2026-09-21,USD,HKD,7.79919
2026-09-22,EUR,GBP,0.79562
2026-09-22,EUR,HKD,8.31107
2026-09-22,EUR,USD,1.06581
2026-09-22,USD,HKD,7.79789
2026-09-23,EUR,GBP,0.79384
2026-09-23,EUR,HKD,8.2965
2026-09-23,EUR,USD,1.0636
2026-09-23,USD,HKD,7.80039
2026-09-24,EUR,GBP,0.7943
2026-09-24,EUR,HKD,8.29675
2026-09-24,EUR,USD,1.06325
2026-09-24,USD,HKD,7.8032
2026-09-25,EUR,GBP,0.79512
2026-09-25,EUR,HKD,8.32341
2026-09-25,EUR,USD,1.06689
2026-09-25,USD,HKD,7.80156
2026-09-28,EUR,GBP,0.79414
2026-09-28,EUR,HKD,8.35039
2026-09-28,EUR,USD,1.0709
2026-09-28,USD,HKD,7.79754
2026-09-29,EUR,GBP,0.79495
2026-09-29,EUR,HKD,8.3402
2026-09-29,EUR,USD,1.06856
2026-09-29,USD,HKD,7.80508
2026-09-30,EUR,GBP,0.79373
2026-09-30,EUR,HKD,8.2986
2026-09-30,EUR,USD,1.06425
2026-09-30,USD,HKD,7.7976
