ric,score,weight
VEEL.N,0.77210461,0.03890548
GRFE.N,0.70039231,0.05165388
VITI.N,0.51812497,0.05085143
RAWE.O,0.48213719,0.05478081
VECO.O,0.46632068,0.04958558
FEBE.O,0.45615979,0.04082608
QUDU.O,0.4504284,0.03931781
BRPR.L,0.4476226,0.05208253
BRGR.DE,0.44690618,0.04447966
7014.HK,0.4383956,0.04093829
NOYO.L,0.43240052,0.05280911
HEQU.N,0.4296845,0.0498121
CABR.L,0.42719386,0.06321917
NOZE.O,0.42681111,0.04795235
ELFA.N,0.41551428,0.05237926
HEMO.DE,0.41483338,0.04386468
VEVI.O,0.41352362,0.05146381
SEMO.O,0.41096949,0.04550761
BEZE.O,0.40977118,0.06217182
PRCO.DE,0.40354812,0.06739854
