ric,isin,action_type,ex_date,pay_date,ratio,amount,currency
ARRA.DE,DE4224054854,CASH_DIVIDEND,2025-12-01,2025-12-22,,1.5,EUR
KABE.DE,DE2624475433,CASH_DIVIDEND,2025-12-03,2025-12-24,,1.95,EUR
OHYG.L,IE8257095800,CASH_DIVIDEND,2025-12-11,2025-12-25,,1.12,USD
PRHE.DE,DE1241148742,CASH_DIVIDEND,2026-01-28,2026-02-18,,0.71,EUR
GRCO.DE,DE4552803383,CASH_DIVIDEND,2026-02-06,2026-02-27,,1.21,EUR
KASE.DE,DE1397685247,CASH_DIVIDEND,2026-02-09,2026-03-02,,0.69,EUR
OHYG.L,IE8257095800,CASH_DIVIDEND,2026-03-12,2026-03-26,,1.12,USD
PRBE.AS,NL1595338920,CASH_DIVIDEND,2026-04-20,2026-05-11,,1.39,EUR
VEKA.DE,DE7837127116,CASH_DIVIDEND,2026-05-13,2026-06-03,,0.87,EUR
DUCO.DE,DE1007578003,CASH_DIVIDEND,2026-05-14,2026-06-04,,0.34,EUR
VEMO.DE,DE4268516142,CASH_DIVIDEND,2026-06-05,2026-06-26,,0.6,EUR
OHYG.L,IE8257095800,CASH_DIVIDEND,2026-06-11,2026-06-25,,1.12,USD
ULBE.DE,DE1836358543,CASH_DIVIDEND,2026-06-12,2026-07-03,,1.61,EUR
NOZE.O,US0604849957,SPLIT,2026-06-15,,4.0,,
QUNO.AS,NL2287212774,CASH_DIVIDEND,2026-06-30,2026-07-21,,1.27,EUR
OHYG.L,IE8257095800,CASH_DIVIDEND,2026-09-10,2026-09-24,,1.12,USD
