exchange_mic,calendar_date,status
XAMS,2025-12-25,holiday
XAMS,2025-12-26,holiday
XAMS,2026-01-01,holiday
XAMS,2026-04-03,holiday
XAMS,2026-04-06,holiday
XAMS,2026-05-01,holiday
XETR,2025-12-24,holiday
XETR,2025-12-25,holiday
XETR,2025-12-26,holiday
XETR,2025-12-31,holiday
XETR,2026-01-01,holiday
XETR,2026-04-03,holiday
XETR,2026-04-06,holiday
XETR,2026-05-01,holiday
XHKG,2025-10-01,holiday
XHKG,2025-10-07,holiday
XHKG,2025-10-29,holiday
XHKG,2025-12-25,holiday
XHKG,2025-12-26,holiday
XHKG,2026-01-01,holiday
XHKG,2026-02-17,holiday
XHKG,2026-02-18,holiday
XHKG,2026-02-19,holiday
XHKG,2026-04-03,holiday
XHKG,2026-04-06,holiday
XHKG,2026-05-01,holiday
XHKG,2026-06-19,holiday
XHKG,2026-07-01,holiday
XLON,2025-12-25,holiday
XLON,2025-12-26,holiday
XLON,2026-01-01,holiday
XLON,2026-04-03,holiday
XLON,2026-04-06,holiday
XLON,2026-05-04,holiday
XLON,2026-05-25,holiday
XLON,2026-08-31,holiday
XNAS,2025-09-01,holiday
XNAS,2025-11-27,holiday
XNAS,2025-12-25,holiday
XNAS,2026-01-01,holiday
XNAS,2026-01-19,holiday
XNAS,2026-02-16,holiday
XNAS,2026-04-03,holiday
XNAS,2026-05-25,holiday
XNAS,2026-06-19,holiday
XNAS,2026-07-03,holiday
XNAS,2026-09-07,holiday
XNYS,2025-09-01,holiday
XNYS,2025-11-27,holiday
XNYS,2025-12-25,holiday
XNYS,2026-01-01,holiday
XNYS,2026-01-19,holiday
XNYS,2026-02-16,holiday
XNYS,2026-04-03,holiday
XNYS,2026-05-25,holiday
XNYS,2026-06-19,holiday
XNYS,2026-07-03,holiday
XNYS,2026-09-07,holiday
