instrument_id,ric,isin,name,asset_type,exchange_mic,quote_currency,sector,listing_date,delisting_date
1001,NOGR.L,GB3599295029,Norgro plc,Equity,XLON,GBp,Consumer,2000-01-01,
1002,PROS.L,GB8799123084,Praost plc,Equity,XLON,GBp,Materials,2000-01-01,
1003,XAVE.L,GB9307865331,Xanven plc,Equity,XLON,GBp,Consumer,2000-01-01,
1004,VIQU.L,GB2368667185,Vikquo plc,Equity,XLON,GBP,Materials,2000-01-01,
1005,BRPR.L,GB8028474831,Bripra plc,Equity,XLON,GBp,Financials,2000-01-01,
1006,ARVI.L,GB3420841408,Arvik plc,Equity,XLON,GBp,Consumer,2000-01-01,
1007,FAQU.L,GB4307028784,Falquo plc,Equity,XLON,GBp,Utilities,2000-01-01,
1008,HEFE.L,GB6922049515,Helfen plc,Equity,XLON,GBp,Industrials,2000-01-01,
1009,KAFE.L,GB2670241205,Kapfen plc,Equity,XLON,GBp,Utilities,2000-01-01,
1010,BEDU.L,GB6057510301,Bedun plc,Equity,XLON,GBp,Materials,2000-01-01,
1011,TOTI.L,GB6638683086,Tortis plc,Equity,XLON,GBp,Materials,2000-01-01,
1012,CONO.L,GB0630101115,Cornor plc,Equity,XLON,GBP,Utilities,2000-01-01,
1013,BRQU.L,GB6356527124,Briquo plc,Equity,XLON,GBp,Technology,2000-01-01,
1014,TINO.L,GB6764787800,Tisnor plc,Equity,XLON,GBp,Consumer,2000-01-01,
1015,MOPR.L,GB5352298480,Morpra plc,Equity,XLON,GBp,Utilities,2000-01-01,
1016,FEVE.L,GB9669432815,Fenven plc,Equity,XLON,GBp,Financials,2000-01-01,
1017,BRFE.L,GB7926127104,Brifen plc,Equity,XLON,GBp,Industrials,2000-01-01,
1018,NOWE.L,GB2285519113,Norwes plc,Equity,XLON,GBp,Utilities,2000-01-01,
1019,VEBR.L,GB6993470186,Venbri plc,Equity,XLON,GBp,Industrials,2000-01-01,
1020,XAOS.L,GB1891470335,Xanost plc,Equity,XLON,GBp,Health Care,2000-01-01,
1021,BRWE.L,GB9491791838,Briwes plc,Equity,XLON,GBp,Materials,2000-01-01,
1022,HECA.L,GB7048312908,Helcal plc,Equity,XLON,GBp,Industrials,2000-01-01,
1023,COBR.L,GB8076525253,Corbri plc,Equity,XLON,GBp,Technology,2000-01-01,
1024,OSUL.L,GB6133195451,Ostul plc,Equity,XLON,GBp,Utilities,2000-01-01,
1025,HEAR.L,GB0227549899,Helar plc,Equity,XLON,GBp,Utilities,2000-01-01,
1026,LIMO.L,GB2032392869,Linmor plc,Equity,XLON,GBp,Health Care,2000-01-01,
1027,NOPR.L,GB0361021446,Norpra plc,Equity,XLON,GBp,Health Care,2000-01-01,
1028,ARWE.L,GB9727763340,Arwes plc,Equity,XLON,GBp,Energy,2000-01-01,
1029,VIPR.L,GB5763176813,Vikpra plc,Equity,XLON,GBp,Financials,2000-01-01,
1030,HEXA.L,GB3182010149,Helxan plc,Equity,XLON,GBp,Materials,2000-01-01,
1031,BETI.L,GB9762394641,Betis plc,Equity,XLON,GBp,Energy,2000-01-01,
1032,BEFA.L,GB7800098152,Befal plc,Equity,XLON,GBp,Financials,2000-01-01,
1033,RATO.L,GB7622734842,Raltor plc,Equity,XLON,GBp,Materials,2000-01-01,
1034,BELI.L,GB6857330983,Belin plc,Equity,XLON,GBp,Energy,2000-01-01,
1035,BRRA.L,GB4224770694,Briral plc,Equity,XLON,GBp,Utilities,2000-01-01,
1036,BEDA.L,GB2342023883,Bedal plc,Equity,XLON,GBp,Consumer,2000-01-01,
1037,FEWE.L,GB0272903358,Fenwes plc,Equity,XLON,GBp,Industrials,2000-01-01,
1038,KAAR.L,GB7907202788,Kapar plc,Equity,XLON,GBp,Industrials,2000-01-01,
1039,XAUL.L,GB3334602915,Xanul plc,Equity,XLON,GBp,Industrials,2000-01-01,
1040,FACA.L,GB9519963046,Falcal plc,Equity,XLON,GBp,Health Care,2000-01-01,
1041,LIKA.L,GB7763158121,Linkap plc,Equity,XLON,GBp,Energy,2000-01-01,
1042,WEFA.L,GB1244338610,Wesfal plc,Equity,XLON,GBp,Consumer,2000-01-01,
1043,ZEBE.L,GB7369260210,Zelbe plc,Equity,XLON,GBp,Health Care,2000-01-01,
1044,TOCO.L,GB0673726470,Torcor plc,Equity,XLON,GBp,Technology,2000-01-01,
1045,ELVE.L,GB2175227668,Eldven plc,Equity,XLON,GBp,Industrials,2000-01-01,
1046,ELBR.L,GB3307216641,Eldbri plc,Equity,XLON,GBp,Health Care,2000-01-01,
1047,ELDU.L,GB3649762467,Elddun plc,Equity,XLON,GBp,Financials,2000-01-01,
1048,YOVE.L,GB0301926141,Yorven plc,Equity,XLON,GBp,Energy,2000-01-01,
1049,OSZE.L,GB7809107942,Ostzel plc,Equity,XLON,GBp,Health Care,2000-01-01,
1050,ULPR.L,GB8312467207,Ulpra plc,Equity,XLON,GBp,Utilities,2000-01-01,
1051,HETO.L,GB2501868976,Heltor plc,Equity,XLON,GBp,Health Care,2000-01-01,
1052,OSDA.L,GB7914890569,Ostdal plc,Equity,XLON,GBp,Utilities,2000-01-01,
1053,YOTO.L,GB1630461201,Yortor plc,Equity,XLON,GBp,Energy,2000-01-01,
1054,DUOS.L,GB4161388177,Dunost plc,Equity,XLON,GBp,Utilities,2000-01-01,
1055,DUNO.L,GB1214912317,Dunnor plc,Equity,XLON,GBp,Health Care,2000-01-01,
1056,OSCA.L,GB3195100050,Ostcal plc,Equity,XLON,GBp,Health Care,2000-01-01,
1057,GRAR.L,GB7302891883,Groar plc,Equity,XLON,GBp,Energy,2000-01-01,
1058,BECA.L,GB8783948935,Becal plc,Equity,XLON,GBp,Financials,2000-01-01,
1059,GRYO.L,GB9987814896,Groyor plc,Equity,XLON,GBp,Energy,2000-01-01,
1060,DAUL.L,GB3063382998,Dalul plc,Equity,XLON,GBp,Technology,2000-01-01,
1061,ARSE.L,GB5289124243,Arsen plc,Equity,XLON,GBp,Energy,2000-01-01,
1062,XABE.L,GB2970914468,Xanbe plc,Equity,XLON,GBp,Industrials,2000-01-01,
1063,PRFA.L,GB0228941614,Prafal plc,Equity,XLON,GBp,Materials,2000-01-01,
1064,WEYO.L,GB9027105214,Wesyor plc,Equity,XLON,GBp,Materials,2000-01-01,
1065,LINO.L,GB8891600727,Linnor plc,Equity,XLON,GBp,Materials,2000-01-01,
1066,ARFE.L,GB5241462926,Arfen plc,Equity,XLON,GBp,Financials,2000-01-01,
1067,VIBE.L,GB2079559706,Vikbe plc,Equity,XLON,GBp,Consumer,2000-01-01,
1068,COFA.L,GB9160016441,Corfal plc,Equity,XLON,GBp,Utilities,2000-01-01,
1069,YODU.L,GB3188646705,Yordun plc,Equity,XLON,GBp,Consumer,2000-01-01,
1070,NOYO.L,GB8078978300,Noryor plc,Equity,XLON,GBp,Utilities,2000-01-01,
1071,SEBE.L,GB0965809465,Senbe plc,Equity,XLON,GBp,Consumer,2000-01-01,
1072,GRCA.L,GB2047713320,Grocal plc,Equity,XLON,GBp,Materials,2000-01-01,
1073,FAFE.L,GB8275961098,Falfen plc,Equity,XLON,GBp,Technology,2000-01-01,
1074,TOSE.L,GB0160212448,Torsen plc,Equity,XLON,GBp,Utilities,2000-01-01,
1075,CAHE.L,GB6703358723,Calhel plc,Equity,XLON,GBp,Technology,2000-01-01,
1076,PRZE.L,GB9180338023,Prazel plc,Equity,XLON,GBp,Industrials,2000-01-01,
1077,AROS.L,GB5859801853,Arost plc,Equity,XLON,GBp,Health Care,2000-01-01,
1078,FALI.L,GB8235482783,Fallin plc,Equity,XLON,GBp,Consumer,2000-01-01,
1079,LITI.L,GB3426046358,Lintis plc,Equity,XLON,GBp,Utilities,2000-01-01,
1080,PRUL.L,GB7188554336,Praul plc,Equity,XLON,GBp,Health Care,2000-01-01,
1081,CANO.L,GB7716486435,Calnor plc,Equity,XLON,GBp,Materials,2000-01-01,
1082,DUUL.L,GB2058989381,Dunul plc,Equity,XLON,GBp,Consumer,2000-01-01,
1083,LITO.L,GB0072658810,Lintor plc,Equity,XLON,GBp,Technology,2000-01-01,
1084,ZEUL.L,GB7082857463,Zelul plc,Equity,XLON,GBp,Industrials,2000-01-01,
1085,VIFE.L,GB9706291569,Vikfen plc,Equity,XLON,GBp,Materials,2000-01-01,
1086,NOXA.L,GB9286445370,Norxan plc,Equity,XLON,GBp,Health Care,2000-01-01,
1087,QUWE.L,GB1643019752,Quowes plc,Equity,XLON,GBp,Technology,2000-01-01,
1088,KABR.L,GB4693199921,Kapbri plc,Equity,XLON,GBp,Consumer,2000-01-01,
1089,SEDU.L,GB7469896340,Sendun plc,Equity,XLON,GBp,Energy,2000-01-01,
1090,BRCO.L,GB6447248705,Bricor plc,Equity,XLON,GBp,Health Care,2000-01-01,
1091,YOMO.L,GB1779147701,Yormor plc,Equity,XLON,GBp,Materials,2000-01-01,
1092,XALI.L,GB3918333100,Xanlin plc,Equity,XLON,GBp,Technology,2000-01-01,
1093,LIGR.L,GB1520094012,Lingro plc,Equity,XLON,GBp,Energy,2000-01-01,
1094,BRYO.L,GB3469014903,Briyor plc,Equity,XLON,GBp,Materials,2000-01-01,
1095,DAHE.L,GB6728077065,Dalhel plc,Equity,XLON,GBp,Consumer,2000-01-01,
1096,WEUL.L,GB7415668770,Wesul plc,Equity,XLON,GBp,Health Care,2000-01-01,
1097,FENO.L,GB8203643703,Fennor plc,Equity,XLON,GBp,Technology,2000-01-01,
1098,RAPR.L,GB9650085831,Ralpra plc,Equity,XLON,GBp,Health Care,2000-01-01,
1099,MOUL.L,GB7929154842,Morul plc,Equity,XLON,GBp,Financials,2000-01-01,
1100,TOGR.L,GB4883681873,Torgro plc,Equity,XLON,GBp,Technology,2000-01-01,
1101,ELOS.L,GB1097528749,Eldost plc,Equity,XLON,GBp,Financials,2000-01-01,
1102,MOGR.L,GB1559218598,Morgro plc,Equity,XLON,GBp,Health Care,2000-01-01,
1103,TIZE.L,GB7741334360,Tiszel plc,Equity,XLON,GBp,Industrials,2000-01-01,
1104,BRDA.L,GB7244269839,Bridal plc,Equity,XLON,GBp,Utilities,2000-01-01,
1105,ELQU.L,GB3405865251,Eldquo plc,Equity,XLON,GBp,Materials,2000-01-01,
1106,TICO.L,GB1491540878,Tiscor plc,Equity,XLON,GBp,Financials,2000-01-01,
1107,BRHE.L,GB6695376909,Brihel plc,Equity,XLON,GBp,Consumer,2000-01-01,
1108,TOEL.L,GB3161352657,Toreld plc,Equity,XLON,GBp,Consumer,2000-01-01,
1109,BERA.L,GB0520426316,Beral plc,Equity,XLON,GBp,Industrials,2000-01-01,
1110,ZEVE.L,GB4029707453,Zelven plc,Equity,XLON,GBp,Materials,2000-01-01,
1111,NOTO.L,GB6662572212,Nortor plc,Equity,XLON,GBp,Energy,2000-01-01,
1112,LIDU.L,GB6453909856,Lindun plc,Equity,XLON,GBp,Consumer,2000-01-01,
1113,KAGR.L,GB5250513370,Kapgro plc,Equity,XLON,GBp,Utilities,2000-01-01,
1114,QUZE.L,GB5237122526,Quozel plc,Equity,XLON,GBp,Materials,2000-01-01,
1115,SECO.L,GB0192014199,Sencor plc,Equity,XLON,GBp,Consumer,2000-01-01,
1116,WEFE.L,GB2060131641,Wesfen plc,Equity,XLON,GBp,Consumer,2000-01-01,
1117,ARLI.L,GB4576456247,Arlin plc,Equity,XLON,GBp,Industrials,2000-01-01,
1118,PRBR.L,GB3417920957,Prabri plc,Equity,XLON,GBp,Financials,2000-01-01,
1119,SEAR.L,GB5645751471,Senar plc,Equity,XLON,GBp,Consumer,2000-01-01,
1120,DAVE.L,GB1745463382,Dalven plc,Equity,XLON,GBp,Materials,2000-01-01,
1121,LISE.L,GB4272147544,Linsen plc,Equity,XLON,GBp,Technology,2000-01-01,
1122,YOSE.L,GB6910775662,Yorsen plc,Equity,XLON,GBp,Consumer,2000-01-01,
1123,WEBR.L,GB4933611423,Wesbri plc,Equity,XLON,GBp,Consumer,2000-01-01,
1124,GRNO.L,GB9969173867,Gronor plc,Equity,XLON,GBp,Utilities,2000-01-01,
1125,NOCA.L,GB0113370328,Norcal plc,Equity,XLON,GBp,Technology,2000-01-01,
1126,QUKA.L,GB3630636362,Quokap plc,Equity,XLON,GBp,Materials,2000-01-01,
1127,QULI.L,GB5131342818,Quolin plc,Equity,XLON,GBp,Technology,2000-01-01,
1128,CABR.L,GB2955106751,Calbri plc,Equity,XLON,GBp,Health Care,2000-01-01,
1129,FADU.L,GB3303008190,Faldun plc,Equity,XLON,GBp,Energy,2000-01-01,
1130,RAVE.L,GB8460132441,Ralven plc,Equity,XLON,GBp,Financials,2000-01-01,
1131,ZEMO.L,GB5480492140,Zelmor plc,Equity,XLON,GBp,Health Care,2000-01-01,
1132,CAFE.L,GB4255686513,Calfen plc,Equity,XLON,GBp,Health Care,2000-01-01,
1133,ELNO.L,GB4422991405,Eldnor plc,Equity,XLON,GBp,Financials,2000-01-01,
1134,ELSE.L,GB1107410784,Eldsen plc,Equity,XLON,GBp,Health Care,2000-01-01,
1135,NOBR.L,GB4152002488,Norbri plc,Equity,XLON,GBp,Industrials,2000-01-01,
1136,KADU.L,GB1806973059,Kapdun plc,Equity,XLON,GBp,Financials,2000-01-01,
1137,PRDA.L,GB8826431724,Pradal plc,Equity,XLON,GBp,Consumer,2000-01-01,
1138,FABE.L,GB7707636902,Falbe plc,Equity,XLON,GBp,Industrials,2000-01-01,
1139,KATO.L,GB8282759830,Kaptor plc,Equity,XLON,GBp,Financials,2000-01-01,
1140,DATO.L,GB5881945265,Daltor plc,Equity,XLON,GBp,Industrials,2000-01-01,
1141,GRLI.DE,DE1249506493,Grolin AG,Equity,XETR,EUR,Utilities,2000-01-01,
1142,LIEL.DE,DE7931078753,Lineld AG,Equity,XETR,EUR,Consumer,2000-01-01,
1143,RAQU.DE,DE7809303486,Ralquo AG,Equity,XETR,EUR,Industrials,2000-01-01,
1144,DUCO.DE,DE1007578003,Duncor AG,Equity,XETR,EUR,Technology,2000-01-01,
1145,CODU.DE,DE9335687915,Cordun AG,Equity,XETR,EUR,Consumer,2000-01-01,
1146,VENO.DE,DE6547284323,Vennor AG,Equity,XETR,EUR,Energy,2000-01-01,
1147,FESE.DE,DE9303394208,Fensen AG,Equity,XETR,EUR,Financials,2000-01-01,
1148,BRSE.DE,DE1260113842,Brisen AG,Equity,XETR,EUR,Utilities,2000-01-01,
1149,VEKA.DE,DE7837127116,Venkap AG,Equity,XETR,EUR,Industrials,2000-01-01,
1150,FAVE.DE,DE9388894427,Falven AG,Equity,XETR,EUR,Materials,2000-01-01,
1151,QUDA.DE,DE1787070193,Quodal AG,Equity,XETR,EUR,Utilities,2000-01-01,
1152,RAOS.DE,DE6504310555,Ralost AG,Equity,XETR,EUR,Technology,2000-01-01,
1153,NOUL.DE,DE6124934218,Norul AG,Equity,XETR,EUR,Health Care,2000-01-01,
1154,FAAR.DE,DE6922216961,Falar AG,Equity,XETR,EUR,Industrials,2000-01-01,
1155,XAVI.DE,DE9513125613,Xanvik AG,Equity,XETR,EUR,Consumer,2000-01-01,
1156,COMO.DE,DE8384649753,Cormor AG,Equity,XETR,EUR,Financials,2000-01-01,
1157,SENO.DE,DE2296302361,Sennor AG,Equity,XETR,EUR,Health Care,2000-01-01,
1158,TIWE.DE,DE4219017920,Tiswes AG,Equity,XETR,EUR,Industrials,2000-01-01,
1159,HEMO.DE,DE1537981344,Helmor AG,Equity,XETR,EUR,Utilities,2000-01-01,
1160,RADU.DE,DE6759181057,Raldun AG,Equity,XETR,EUR,Energy,2000-01-01,
1161,MOZE.DE,DE8632093712,Morzel AG,Equity,XETR,EUR,Technology,2000-01-01,
1162,OSXA.DE,DE7480626124,Ostxan AG,Equity,XETR,EUR,Utilities,2000-01-01,
1163,OSNO.DE,DE6774792840,Ostnor AG,Equity,XETR,EUR,Health Care,2000-01-01,
1164,VEQU.DE,DE0586728523,Venquo AG,Equity,XETR,EUR,Energy,2000-01-01,
1165,MOCA.DE,DE4703361862,Morcal AG,Equity,XETR,EUR,Energy,2000-01-01,
1166,ELYO.DE,DE4784269029,Eldyor AG,Equity,XETR,EUR,Utilities,2000-01-01,
1167,FABR.DE,DE3565562488,Falbri AG,Equity,XETR,EUR,Consumer,2000-01-01,
1168,OSSE.DE,DE9081578441,Ostsen AG,Equity,XETR,EUR,Energy,2000-01-01,
1169,BRGR.DE,DE6584605889,Brigro AG,Equity,XETR,EUR,Technology,2000-01-01,
1170,KASE.DE,DE1397685247,Kapsen AG,Equity,XETR,EUR,Health Care,2000-01-01,
1171,BRUL.DE,DE4525276613,Briul AG,Equity,XETR,EUR,Utilities,2000-01-01,
1172,COGR.DE,DE8774817446,Corgro AG,Equity,XETR,EUR,Consumer,2000-01-01,
1173,XAMO.DE,DE1694833198,Xanmor AG,Equity,XETR,EUR,Materials,2000-01-01,
1174,YOKA.DE,DE7847004327,Yorkap AG,Equity,XETR,EUR,Consumer,2000-01-01,
1175,DUEL.DE,DE8874976088,Duneld AG,Equity,XETR,EUR,Energy,2000-01-01,
1176,QUMO.DE,DE9252944044,Quomor AG,Equity,XETR,EUR,Industrials,2000-01-01,
1177,KABE.DE,DE2624475433,Kapbe AG,Equity,XETR,EUR,Consumer,2000-01-01,
1178,MOFE.DE,DE7395820619,Morfen AG,Equity,XETR,EUR,Financials,2000-01-01,
1179,ZEPR.DE,DE4148804628,Zelpra AG,Equity,XETR,EUR,Energy,2000-01-01,
1180,XADA.DE,DE2064119182,Xandal AG,Equity,XETR,EUR,Financials,2000-01-01,
1181,VERA.DE,DE9199311647,Venral AG,Equity,XETR,EUR,Industrials,2000-01-01,
1182,NOFA.DE,DE3426985921,Norfal AG,Equity,XETR,EUR,Industrials,2000-01-01,
1183,VIMO.DE,DE4099796012,Vikmor AG,Equity,XETR,EUR,Utilities,2000-01-01,
1184,XAHE.DE,DE3475450369,Xanhel AG,Equity,XETR,EUR,Consumer,2000-01-01,
1185,ARRA.DE,DE4224054854,Arral AG,Equity,XETR,EUR,Industrials,2000-01-01,
1186,VEBE.DE,DE2170370813,Venbe AG,Equity,XETR,EUR,Industrials,2000-01-01,
1187,LIOS.DE,DE0240247409,Linost AG,Equity,XETR,EUR,Consumer,2000-01-01,
1188,YOFE.DE,DE4520797289,Yorfen AG,Equity,XETR,EUR,Health Care,2000-01-01,
1189,NOVI.DE,DE9635809787,Norvik AG,Equity,XETR,EUR,Health Care,2000-01-01,
1190,FEOS.DE,DE9715573586,Fenost AG,Equity,XETR,EUR,Materials,2000-01-01,
1191,ULCA.DE,DE6244152114,Ulcal AG,Equity,XETR,EUR,Industrials,2000-01-01,
1192,DUVE.DE,DE2610597675,Dunven AG,Equity,XETR,EUR,Industrials,2000-01-01,
1193,CABE.DE,DE7056432905,Calbe AG,Equity,XETR,EUR,Materials,2000-01-01,
1194,PRHE.DE,DE1241148742,Prahel AG,Equity,XETR,EUR,Utilities,2000-01-01,
1195,VIHE.DE,DE8685377568,Vikhel AG,Equity,XETR,EUR,Utilities,2000-01-01,
1196,SEFA.DE,DE6426144216,Senfal AG,Equity,XETR,EUR,Technology,2000-01-01,
1197,RAFE.DE,DE2980858407,Ralfen AG,Equity,XETR,EUR,Health Care,2000-01-01,
1198,PRCO.DE,DE2058988387,Pracor AG,Equity,XETR,EUR,Health Care,2000-01-01,
1199,QUAR.DE,DE6649063395,Quoar AG,Equity,XETR,EUR,Industrials,2000-01-01,
1200,XASE.DE,DE2430304365,Xansen AG,Equity,XETR,EUR,Energy,2000-01-01,
1201,FAOS.DE,DE1814581517,Falost AG,Equity,XETR,EUR,Financials,2000-01-01,
1202,TIUL.DE,DE3263394742,Tisul AG,Equity,XETR,EUR,Financials,2000-01-01,
1203,OSMO.DE,DE8221234123,Ostmor AG,Equity,XETR,EUR,Health Care,2000-01-01,
1204,BRDU.DE,DE0521796644,Bridun AG,Equity,XETR,EUR,Consumer,2000-01-01,
1205,OSVE.DE,DE8240052946,Ostven AG,Equity,XETR,EUR,Financials,2000-01-01,
1206,VEUL.DE,DE4579367709,Venul AG,Equity,XETR,EUR,Health Care,2000-01-01,
1207,GRCO.DE,DE4552803383,Grocor AG,Equity,XETR,EUR,Energy,2000-01-01,
1208,COVE.DE,DE1166836817,Corven AG,Equity,XETR,EUR,Materials,2000-01-01,
1209,BEFE.DE,DE9711262096,Befen AG,Equity,XETR,EUR,Materials,2000-01-01,
1210,BRBE.DE,DE4727794846,Bribe AG,Equity,XETR,EUR,Utilities,2000-01-01,
1211,VEMO.DE,DE4268516142,Venmor AG,Equity,XETR,EUR,Health Care,2000-01-01,
1212,ULBE.DE,DE1836358543,Ulbe AG,Equity,XETR,EUR,Industrials,2000-01-01,
1213,SETI.DE,DE9515506007,Sentis AG,Equity,XETR,EUR,Health Care,2000-01-01,
1214,BRTI.DE,DE0309365121,Britis AG,Equity,XETR,EUR,Materials,2000-01-01,
1215,FAVI.DE,DE1961785001,Falvik AG,Equity,XETR,EUR,Consumer,2000-01-01,
1216,NOQU.DE,DE2659462122,Norquo AG,Equity,XETR,EUR,Energy,2000-01-01,
1217,XATO.DE,DE9313713917,Xantor AG,Equity,XETR,EUR,Industrials,2000-01-01,
1218,PRDU.DE,DE6815393810,Pradun AG,Equity,XETR,EUR,Materials,2000-01-01,
1219,ULCO.DE,DE9086781076,Ulcor AG,Equity,XETR,EUR,Utilities,2000-01-01,
1220,SEUL.DE,DE1720093477,Senul AG,Equity,XETR,EUR,Consumer,2000-01-01,
1221,COQU.DE,DE5713952694,Corquo AG,Equity,XETR,EUR,Utilities,2000-01-01,
1222,WEOS.DE,DE2141740131,Wesost AG,Equity,XETR,EUR,Industrials,2000-01-01,
1223,ZELI.DE,DE2188617561,Zellin AG,Equity,XETR,EUR,Utilities,2000-01-01,
1224,KAZE.DE,DE8923137895,Kapzel AG,Equity,XETR,EUR,Consumer,2000-01-01,
1225,DUAR.DE,DE9189810570,Dunar AG,Equity,XETR,EUR,Materials,2000-01-01,
1226,ULVI.DE,DE8992021581,Ulvik AG,Equity,XETR,EUR,Health Care,2000-01-01,
1227,OSBR.DE,DE9581454534,Ostbri AG,Equity,XETR,EUR,Materials,2000-01-01,
1228,SEOS.DE,DE8321910797,Senost AG,Equity,XETR,EUR,Technology,2000-01-01,
1229,XARA.DE,DE6972690295,Xanral AG,Equity,XETR,EUR,Health Care,2000-01-01,
1230,KAEL.DE,DE9638681315,Kapeld AG,Equity,XETR,EUR,Industrials,2000-01-01,
1231,QUEL.AS,NL2865731384,Quoeld NV,Equity,XAMS,EUR,Energy,2000-01-01,
1232,RAYO.AS,NL6669405701,Ralyor NV,Equity,XAMS,EUR,Industrials,2000-01-01,
1233,CADU.AS,NL3385528330,Caldun NV,Equity,XAMS,EUR,Health Care,2000-01-01,
1234,BRTO.AS,NL7587447807,Britor NV,Equity,XAMS,EUR,Utilities,2000-01-01,
1235,DARA.AS,NL4852030145,Dalral NV,Equity,XAMS,EUR,Energy,2000-01-01,
1236,BRVE.AS,NL8794770442,Briven NV,Equity,XAMS,EUR,Materials,2000-01-01,
1237,GRRA.AS,NL8703499548,Groral NV,Equity,XAMS,EUR,Health Care,2000-01-01,
1238,LIFE.AS,NL9426726447,Linfen NV,Equity,XAMS,EUR,Industrials,2000-01-01,
1239,RAMO.AS,NL6546780523,Ralmor NV,Equity,XAMS,EUR,Energy,2000-01-01,
1240,NOLI.AS,NL3245361391,Norlin NV,Equity,XAMS,EUR,Technology,2000-01-01,
1241,HESE.AS,NL4597093775,Helsen NV,Equity,XAMS,EUR,Financials,2000-01-01,
1242,LIUL.AS,NL1327273033,Linul NV,Equity,XAMS,EUR,Financials,2000-01-01,
1243,DUGR.AS,NL9470207195,Dungro NV,Equity,XAMS,EUR,Energy,2000-01-01,
1244,NODA.AS,NL6916160111,Nordal NV,Equity,XAMS,EUR,Utilities,2000-01-01,
1245,TIKA.AS,NL3320366644,Tiskap NV,Equity,XAMS,EUR,Energy,2000-01-01,
1246,LICA.AS,NL2155850999,Lincal NV,Equity,XAMS,EUR,Materials,2000-01-01,
1247,TIQU.AS,NL7270377553,Tisquo NV,Equity,XAMS,EUR,Health Care,2000-01-01,
1248,VICO.AS,NL9737158954,Vikcor NV,Equity,XAMS,EUR,Technology,2000-01-01,
1249,ARHE.AS,NL5440734716,Arhel NV,Equity,XAMS,EUR,Health Care,2000-01-01,
1250,BRNO.AS,NL4737878610,Brinor NV,Equity,XAMS,EUR,Materials,2000-01-01,
1251,TOBE.AS,NL2669602162,Torbe NV,Equity,XAMS,EUR,Health Care,2000-01-01,
1252,FEPR.AS,NL2651101262,Fenpra NV,Equity,XAMS,EUR,Consumer,2000-01-01,
1253,VIXA.AS,NL0269229365,Vikxan NV,Equity,XAMS,EUR,Industrials,2000-01-01,
1254,ARDU.AS,NL9432530192,Ardun NV,Equity,XAMS,EUR,Energy,2000-01-01,
1255,ZEWE.AS,NL3010761851,Zelwes NV,Equity,XAMS,EUR,Industrials,2000-01-01,
1256,WENO.AS,NL5938013480,Wesnor NV,Equity,XAMS,EUR,Technology,2000-01-01,
1257,CARA.AS,NL3430098250,Calral NV,Equity,XAMS,EUR,Technology,2000-01-01,
1258,CAVI.AS,NL9053310694,Calvik NV,Equity,XAMS,EUR,Materials,2000-01-01,
1259,AREL.AS,NL0732766781,Areld NV,Equity,XAMS,EUR,Materials,2000-01-01,
1260,ARTI.AS,NL9636639603,Artis NV,Equity,XAMS,EUR,Financials,2000-01-01,
1261,TICA.AS,NL9602331352,Tiscal NV,Equity,XAMS,EUR,Consumer,2000-01-01,
1262,GRZE.AS,NL3528131610,Grozel NV,Equity,XAMS,EUR,Financials,2000-01-01,
1263,TIMO.AS,NL0485084509,Tismor NV,Equity,XAMS,EUR,Financials,2000-01-01,
1264,HETI.AS,NL9494359064,Heltis NV,Equity,XAMS,EUR,Technology,2000-01-01,
1265,ELRA.AS,NL7113313825,Eldral NV,Equity,XAMS,EUR,Utilities,2000-01-01,
1266,PRBE.AS,NL1595338920,Prabe NV,Equity,XAMS,EUR,Consumer,2000-01-01,
1267,OSWE.AS,NL6941161118,Ostwes NV,Equity,XAMS,EUR,Utilities,2000-01-01,
1268,GRXA.AS,NL7771754397,Groxan NV,Equity,XAMS,EUR,Financials,2000-01-01,
1269,XAWE.AS,NL7847386088,Xanwes NV,Equity,XAMS,EUR,Materials,2000-01-01,
1270,ULDU.AS,NL6866103977,Uldun NV,Equity,XAMS,EUR,Industrials,2000-01-01,
1271,DUTI.AS,NL3107780466,Duntis NV,Equity,XAMS,EUR,Consumer,2000-01-01,
1272,NOMO.AS,NL6271759349,Normor NV,Equity,XAMS,EUR,Health Care,2000-01-01,
1273,VEAR.AS,NL3561968038,Venar NV,Equity,XAMS,EUR,Consumer,2000-01-01,
1274,SEGR.AS,NL9280843429,Sengro NV,Equity,XAMS,EUR,Financials,2000-01-01,
1275,RAEL.AS,NL6636523450,Raleld NV,Equity,XAMS,EUR,Consumer,2000-01-01,
1276,ELZE.AS,NL9082176247,Eldzel NV,Equity,XAMS,EUR,Consumer,2000-01-01,
1277,BREL.AS,NL5417874871,Brield NV,Equity,XAMS,EUR,Health Care,2000-01-01,
1278,ULSE.AS,NL9909981804,Ulsen NV,Equity,XAMS,EUR,Energy,2000-01-01,
1279,ARGR.AS,NL4404510816,Argro NV,Equity,XAMS,EUR,Materials,2000-01-01,
1280,DUFE.AS,NL5624039831,Dunfen NV,Equity,XAMS,EUR,Consumer,2000-01-01,
1281,VEDA.AS,NL4373961637,Vendal NV,Equity,XAMS,EUR,Industrials,2000-01-01,
1282,CAGR.AS,NL9842228375,Calgro NV,Equity,XAMS,EUR,Materials,2000-01-01,
1283,COVI.AS,NL6587444016,Corvik NV,Equity,XAMS,EUR,Utilities,2000-01-01,
1284,QUNO.AS,NL2287212774,Quonor NV,Equity,XAMS,EUR,Energy,2000-01-01,
1285,ARBE.AS,NL4150544641,Arbe NV,Equity,XAMS,EUR,Financials,2000-01-01,
1286,LIVI.AS,NL9794509067,Linvik NV,Equity,XAMS,EUR,Consumer,2000-01-01,
1287,YOTI.AS,NL5240724596,Yortis NV,Equity,XAMS,EUR,Energy,2000-01-01,
1288,XABR.AS,NL6300628747,Xanbri NV,Equity,XAMS,EUR,Technology,2000-01-01,
1289,HEEL.AS,NL5983474914,Heleld NV,Equity,XAMS,EUR,Financials,2000-01-01,
1290,TOKA.AS,NL4247972569,Torkap NV,Equity,XAMS,EUR,Industrials,2000-01-01,
1291,COOS.AS,NL0498698532,Corost NV,Equity,XAMS,EUR,Health Care,2000-01-01,
1292,QUSE.AS,NL7596606518,Quosen NV,Equity,XAMS,EUR,Health Care,2000-01-01,
1293,MOVE.AS,NL8882750675,Morven NV,Equity,XAMS,EUR,Materials,2000-01-01,
1294,XAEL.AS,NL4005870700,Xaneld NV,Equity,XAMS,EUR,Energy,2000-01-01,
1295,TIYO.AS,NL0787902567,Tisyor NV,Equity,XAMS,EUR,Financials,2000-01-01,
1296,PRRA.AS,NL5479347757,Praral NV,Equity,XAMS,EUR,Health Care,2000-01-01,
1297,MOKA.AS,NL2288329605,Morkap NV,Equity,XAMS,EUR,Financials,2000-01-01,
1298,BEGR.AS,NL8154153937,Begro NV,Equity,XAMS,EUR,Utilities,2000-01-01,
1299,ARNO.AS,NL4271805688,Arnor NV,Equity,XAMS,EUR,Consumer,2000-01-01,
1300,DACA.AS,NL7222762342,Dalcal NV,Equity,XAMS,EUR,Industrials,2000-01-01,
1301,GRBE.N,US0801460242,Grobe Inc,Equity,XNYS,USD,Technology,2000-01-01,
1302,DAFE.N,US1855956022,Dalfen Inc,Equity,XNYS,USD,Financials,2000-01-01,
1303,WEDU.N,US2066482535,Wesdun Inc,Equity,XNYS,USD,Consumer,2000-01-01,
1304,DUQU.N,US4424726781,Dunquo Inc,Equity,XNYS,USD,Materials,2000-01-01,
1305,DUMO.N,US2822946216,Dunmor Inc,Equity,XNYS,USD,Technology,2000-01-01,
1306,YOXA.N,US6363112750,Yorxan Inc,Equity,XNYS,USD,Consumer,2000-01-01,
1307,TOPR.N,US0239614218,Torpra Inc,Equity,XNYS,USD,Health Care,2000-01-01,
1308,WEVI.N,US0326431814,Wesvik Inc,Equity,XNYS,USD,Health Care,2000-01-01,
1309,TIVI.N,US4476973259,Tisvik Inc,Equity,XNYS,USD,Health Care,2000-01-01,
1310,TIOS.N,US8070824985,Tisost Inc,Equity,XNYS,USD,Materials,2000-01-01,
1311,CACO.N,US3957730653,Calcor Inc,Equity,XNYS,USD,Consumer,2000-01-01,
1312,LIHE.N,US7391488864,Linhel Inc,Equity,XNYS,USD,Technology,2000-01-01,
1313,TONO.N,US6572142581,Tornor Inc,Equity,XNYS,USD,Health Care,2000-01-01,
1314,FEGR.N,US8661555843,Fengro Inc,Equity,XNYS,USD,Technology,2000-01-01,
1315,PRKA.N,US2278885570,Prakap Inc,Equity,XNYS,USD,Health Care,2000-01-01,
1316,NODU.N,US0488720866,Nordun Inc,Equity,XNYS,USD,Industrials,2000-01-01,
1317,DUPR.N,US0261537517,Dunpra Inc,Equity,XNYS,USD,Utilities,2000-01-01,
1318,OSYO.N,US2740897489,Ostyor Inc,Equity,XNYS,USD,Financials,2000-01-01,
1319,TILI.N,US3271967199,Tislin Inc,Equity,XNYS,USD,Consumer,2000-01-01,
1320,CASE.N,US0770017968,Calsen Inc,Equity,XNYS,USD,Utilities,2000-01-01,
1321,MOYO.N,US7522832605,Moryor Inc,Equity,XNYS,USD,Industrials,2000-01-01,
1322,MODU.N,US9293382685,Mordun Inc,Equity,XNYS,USD,Utilities,2000-01-01,
1323,BEUL.N,US7913081769,Beul Inc,Equity,XNYS,USD,Industrials,2000-01-01,
1324,ULEL.N,US1715551860,Uleld Inc,Equity,XNYS,USD,Financials,2000-01-01,
1325,RAAR.N,US4940806044,Ralar Inc,Equity,XNYS,USD,Energy,2000-01-01,
1326,YOOS.N,US6787678266,Yorost Inc,Equity,XNYS,USD,Utilities,2000-01-01,
1327,OSFE.N,US3189246562,Ostfen Inc,Equity,XNYS,USD,Energy,2000-01-01,
1328,CAEL.N,US5316418869,Caleld Inc,Equity,XNYS,USD,Consumer,2000-01-01,
1329,YOWE.N,US0165070343,Yorwes Inc,Equity,XNYS,USD,Utilities,2000-01-01,
1330,TOQU.N,US0758686937,Torquo Inc,Equity,XNYS,USD,Industrials,2000-01-01,
1331,SEEL.N,US1769846026,Seneld Inc,Equity,XNYS,USD,Materials,2000-01-01,
1332,HEKA.N,US4319859938,Helkap Inc,Equity,XNYS,USD,Energy,2000-01-01,
1333,VIVE.N,US4539174986,Vikven Inc,Equity,XNYS,USD,Materials,2000-01-01,
1334,TIFE.N,US1061285840,Tisfen Inc,Equity,XNYS,USD,Energy,2000-01-01,
1335,VEEL.N,US1731742356,Veneld Inc,Equity,XNYS,USD,Technology,2000-01-01,
1336,FAWE.N,US5730828197,Falwes Inc,Equity,XNYS,USD,Energy,2000-01-01,
1337,OSVI.N,US8219804552,Ostvik Inc,Equity,XNYS,USD,Utilities,2000-01-01,
1338,PRMO.N,US5474312563,Pramor Inc,Equity,XNYS,USD,Utilities,2000-01-01,
1339,COCA.N,US6810190059,Corcal Inc,Equity,XNYS,USD,Technology,2000-01-01,
1340,DASE.N,US1274302888,Dalsen Inc,Equity,XNYS,USD,Consumer,2000-01-01,
1341,ELTO.N,US4690178333,Eldtor Inc,Equity,XNYS,USD,Technology,2000-01-01,
1342,ZEHE.N,US8390673638,Zelhel Inc,Equity,XNYS,USD,Consumer,2000-01-01,
1343,RALI.N,US8179550260,Rallin Inc,Equity,XNYS,USD,Utilities,2000-01-01,
1344,KAWE.N,US4463230471,Kapwes Inc,Equity,XNYS,USD,Technology,2000-01-01,
1345,DAXA.N,US5315699759,Dalxan Inc,Equity,XNYS,USD,Materials,2000-01-01,
1346,SEYO.N,US3956402912,Senyor Inc,Equity,XNYS,USD,Technology,2000-01-01,
1347,DUDA.N,US5193036720,Dundal Inc,Equity,XNYS,USD,Utilities,2000-01-01,
1348,WEMO.N,US9598623463,Wesmor Inc,Equity,XNYS,USD,Technology,2000-01-01,
1349,COLI.N,US1036076940,Corlin Inc,Equity,XNYS,USD,Health Care,2000-01-01,
1350,CAWE.N,US8430293049,Calwes Inc,Equity,XNYS,USD,Consumer,2000-01-01,
1351,VIEL.N,US8195122449,Vikeld Inc,Equity,XNYS,USD,Industrials,2000-01-01,
1352,ARBR.N,US6638750163,Arbri Inc,Equity,XNYS,USD,Financials,2000-01-01,
1353,RAKA.N,US6078695814,Ralkap Inc,Equity,XNYS,USD,Financials,2000-01-01,
1354,TIBE.N,US6712394756,Tisbe Inc,Equity,XNYS,USD,Consumer,2000-01-01,
1355,CAYO.N,US3099029671,Calyor Inc,Equity,XNYS,USD,Technology,2000-01-01,
1356,WEHE.N,US2271291663,Weshel Inc,Equity,XNYS,USD,Materials,2000-01-01,
1357,WEXA.N,US3446369333,Wesxan Inc,Equity,XNYS,USD,Technology,2000-01-01,
1358,FEEL.N,US6155107360,Feneld Inc,Equity,XNYS,USD,Financials,2000-01-01,
1359,KAVI.N,US9697341573,Kapvik Inc,Equity,XNYS,USD,Utilities,2000-01-01,
1360,YORA.N,US0866732142,Yorral Inc,Equity,XNYS,USD,Industrials,2000-01-01,
1361,HEUL.N,US4496949836,Helul Inc,Equity,XNYS,USD,Financials,2000-01-01,
1362,XAKA.N,US6484760713,Xankap Inc,Equity,XNYS,USD,Technology,2000-01-01,
1363,MOXA.N,US2187040839,Morxan Inc,Equity,XNYS,USD,Materials,2000-01-01,
1364,NOKA.N,US1359601284,Norkap Inc,Equity,XNYS,USD,Utilities,2000-01-01,
1365,SEPR.N,US5944785415,Senpra Inc,Equity,XNYS,USD,Consumer,2000-01-01,
1366,GREL.N,US6640880577,Groeld Inc,Equity,XNYS,USD,Utilities,2000-01-01,
1367,HEFA.N,US7527706151,Helfal Inc,Equity,XNYS,USD,Consumer,2000-01-01,
1368,VITI.N,US7067366889,Viktis Inc,Equity,XNYS,USD,Technology,2000-01-01,
1369,YOQU.N,US0520962626,Yorquo Inc,Equity,XNYS,USD,Energy,2000-01-01,
1370,ZEXA.N,US1073265457,Zelxan Inc,Equity,XNYS,USD,Industrials,2000-01-01,
1371,DACO.N,US8520194583,Dalcor Inc,Equity,XNYS,USD,Utilities,2000-01-01,
1372,ZENO.N,US1576103681,Zelnor Inc,Equity,XNYS,USD,Technology,2000-01-01,
1373,SEVI.N,US0141189651,Senvik Inc,Equity,XNYS,USD,Materials,2000-01-01,
1374,NOTI.N,US0564408378,Nortis Inc,Equity,XNYS,USD,Materials,2000-01-01,
1375,WEKA.N,US3033845157,Weskap Inc,Equity,XNYS,USD,Financials,2000-01-01,
1376,CAVE.N,US9957730884,Calven Inc,Equity,XNYS,USD,Materials,2000-01-01,
1377,CATO.N,US9267664560,Caltor Inc,Equity,XNYS,USD,Materials,2000-01-01,
1378,TOMO.N,US9406063409,Tormor Inc,Equity,XNYS,USD,Consumer,2000-01-01,
1379,COYO.N,US3424681684,Coryor Inc,Equity,XNYS,USD,Materials,2000-01-01,
1380,VETO.N,US7828648119,Ventor Inc,Equity,XNYS,USD,Utilities,2000-01-01,
1381,QUFA.N,US6724711914,Quofal Inc,Equity,XNYS,USD,Energy,2000-01-01,
1382,MOFA.N,US4191048029,Morfal Inc,Equity,XNYS,USD,Financials,2000-01-01,
1383,DUCA.N,US9929215844,Duncal Inc,Equity,XNYS,USD,Utilities,2000-01-01,
1384,ARZE.N,US9592921732,Arzel Inc,Equity,XNYS,USD,Materials,2000-01-01,
1385,NORA.N,US3924775282,Norral Inc,Equity,XNYS,USD,Industrials,2000-01-01,
1386,TOVI.N,US8551387225,Torvik Inc,Equity,XNYS,USD,Industrials,2000-01-01,
1387,BEYO.N,US2673808596,Beyor Inc,Equity,XNYS,USD,Consumer,2000-01-01,
1388,HEVE.N,US7635228548,Helven Inc,Equity,XNYS,USD,Technology,2000-01-01,
1389,OSGR.N,US7482325105,Ostgro Inc,Equity,XNYS,USD,Energy,2000-01-01,
1390,GRFE.N,US8443388491,Grofen Inc,Equity,XNYS,USD,Financials,2000-01-01,
1391,BEQU.N,US7980841283,Bequo Inc,Equity,XNYS,USD,Utilities,2000-01-01,
1392,ULHE.N,US5762635001,Ulhel Inc,Equity,XNYS,USD,Financials,2000-01-01,
1393,ZEYO.N,US7566272644,Zelyor Inc,Equity,XNYS,USD,Materials,2000-01-01,
1394,BEKA.N,US0038028652,Bekap Inc,Equity,XNYS,USD,Materials,2000-01-01,
1395,YOFA.N,US4971148942,Yorfal Inc,Equity,XNYS,USD,Utilities,2000-01-01,
1396,ELFA.N,US5482732865,Eldfal Inc,Equity,XNYS,USD,Utilities,2000-01-01,
1397,DAWE.N,US9592203286,Dalwes Inc,Equity,XNYS,USD,Materials,2000-01-01,
1398,VETI.N,US4819012963,Ventis Inc,Equity,XNYS,USD,Financials,2000-01-01,
1399,VINO.N,US4423609054,Viknor Inc,Equity,XNYS,USD,Technology,2000-01-01,
1400,BENO.N,US6043822716,Benor Inc,Equity,XNYS,USD,Consumer,2000-01-01,
1401,HEQU.N,US0070927971,Helquo Inc,Equity,XNYS,USD,Health Care,2000-01-01,
1402,VIDA.N,US0884061469,Vikdal Inc,Equity,XNYS,USD,Energy,2000-01-01,
1403,YOUL.N,US9951440575,Yorul Inc,Equity,XNYS,USD,Utilities,2000-01-01,
1404,FAXA.N,US6563422216,Falxan Inc,Equity,XNYS,USD,Materials,2000-01-01,
1405,VICA.N,US5390788228,Vikcal Inc,Equity,XNYS,USD,Health Care,2000-01-01,
1406,MOTO.N,US4940074760,Mortor Inc,Equity,XNYS,USD,Consumer,2000-01-01,
1407,YOGR.N,US8797782722,Yorgro Inc,Equity,XNYS,USD,Health Care,2000-01-01,
1408,ELVI.N,US8515100273,Eldvik Inc,Equity,XNYS,USD,Materials,2000-01-01,
1409,CODA.N,US7921212377,Cordal Inc,Equity,XNYS,USD,Financials,2000-01-01,
1410,GRSE.N,US7945940377,Grosen Inc,Equity,XNYS,USD,Materials,2000-01-01,
1411,VECA.N,US9245881438,Vencal Inc,Equity,XNYS,USD,Materials,2000-01-01,
1412,ELDA.N,US5236783678,Elddal Inc,Equity,XNYS,USD,Materials,2000-01-01,
1413,BRFA.N,US5695653165,Brifal Inc,Equity,XNYS,USD,Health Care,2000-01-01,
1414,WEGR.N,US6859898679,Wesgro Inc,Equity,XNYS,USD,Materials,2000-01-01,
1415,TIFA.N,US0486130196,Tisfal Inc,Equity,XNYS,USD,Industrials,2000-01-01,
1416,TIBR.N,US2904449905,Tisbri Inc,Equity,XNYS,USD,Consumer,2000-01-01,
1417,QUUL.N,US4628154538,Quoul Inc,Equity,XNYS,USD,Financials,2000-01-01,
1418,VEOS.N,US0569404373,Venost Inc,Equity,XNYS,USD,Materials,2000-01-01,
1419,KAUL.N,US7839276863,Kapul Inc,Equity,XNYS,USD,Energy,2000-01-01,
1420,COFE.N,US3853446271,Corfen Inc,Equity,XNYS,USD,Technology,2000-01-01,
1421,PRGR.O,US2585442596,Pragro Corp,Equity,XNAS,USD,Industrials,2000-01-01,
1422,ZEBR.O,US1326281716,Zelbri Corp,Equity,XNAS,USD,Industrials,2000-01-01,
1423,NOOS.O,US3342643414,Norost Corp,Equity,XNAS,USD,Utilities,2000-01-01,
1424,VIDU.O,US7506292918,Vikdun Corp,Equity,XNAS,USD,Health Care,2000-01-01,
1425,OSFA.O,US1830940346,Ostfal Corp,Equity,XNAS,USD,Utilities,2000-01-01,
1426,ZEQU.O,US4506613959,Zelquo Corp,Equity,XNAS,USD,Health Care,2000-01-01,
1427,TIDA.O,US5729784375,Tisdal Corp,Equity,XNAS,USD,Consumer,2000-01-01,
1428,NOZE.O,US0604849957,Norzel Corp,Equity,XNAS,USD,Technology,2000-01-01,
1429,YOAR.O,US4982926448,Yorar Corp,Equity,XNAS,USD,Industrials,2000-01-01,
1430,DABR.O,US7381581410,Dalbri Corp,Equity,XNAS,USD,Utilities,2000-01-01,
1431,TOOS.O,US7932482079,Torost Corp,Equity,XNAS,USD,Financials,2000-01-01,
1432,COTO.O,US9782190338,Cortor Corp,Equity,XNAS,USD,Financials,2000-01-01,
1433,XAQU.O,US6153392504,Xanquo Corp,Equity,XNAS,USD,Utilities,2000-01-01,
1434,BRXA.O,US6710132252,Brixan Corp,Equity,XNAS,USD,Financials,2000-01-01,
1435,OSDU.O,US0699085996,Ostdun Corp,Equity,XNAS,USD,Financials,2000-01-01,
1436,OSTO.O,US6043163838,Osttor Corp,Equity,XNAS,USD,Health Care,2000-01-01,
1437,PRQU.O,US4740522126,Praquo Corp,Equity,XNAS,USD,Financials,2000-01-01,
1438,VECO.O,US0171435477,Vencor Corp,Equity,XNAS,USD,Materials,2000-01-01,
1439,COHE.O,US6096580916,Corhel Corp,Equity,XNAS,USD,Materials,2000-01-01,
1440,DADU.O,US1171535562,Daldun Corp,Equity,XNAS,USD,Industrials,2000-01-01,
1441,FEBE.O,US1583452385,Fenbe Corp,Equity,XNAS,USD,Materials,2000-01-01,
1442,CAAR.O,US4220358691,Calar Corp,Equity,XNAS,USD,Consumer,2000-01-01,
1443,TORA.O,US2103088234,Torral Corp,Equity,XNAS,USD,Utilities,2000-01-01,
1444,BECO.O,US5120464197,Becor Corp,Equity,XNAS,USD,Industrials,2000-01-01,
1445,ELUL.O,US2003195885,Eldul Corp,Equity,XNAS,USD,Health Care,2000-01-01,
1446,BEAR.O,US5863787725,Bear Corp,Equity,XNAS,USD,Utilities,2000-01-01,
1447,OSEL.O,US3971039457,Osteld Corp,Equity,XNAS,USD,Utilities,2000-01-01,
1448,QUBR.O,US9613251131,Quobri Corp,Equity,XNAS,USD,Health Care,2000-01-01,
1449,ZEAR.O,US4711682967,Zelar Corp,Equity,XNAS,USD,Health Care,2000-01-01,
1450,FECO.O,US8930734977,Fencor Corp,Equity,XNAS,USD,Health Care,2000-01-01,
1451,ULTI.O,US4303577046,Ultis Corp,Equity,XNAS,USD,Financials,2000-01-01,
1452,WEDA.O,US8918938934,Wesdal Corp,Equity,XNAS,USD,Health Care,2000-01-01,
1453,VITO.O,US3640735914,Viktor Corp,Equity,XNAS,USD,Technology,2000-01-01,
1454,MOSE.O,US0932028137,Morsen Corp,Equity,XNAS,USD,Health Care,2000-01-01,
1455,RAWE.O,US9432614667,Ralwes Corp,Equity,XNAS,USD,Technology,2000-01-01,
1456,LIDA.O,US2344260950,Lindal Corp,Equity,XNAS,USD,Materials,2000-01-01,
1457,GRUL.O,US5565832598,Groul Corp,Equity,XNAS,USD,Energy,2000-01-01,
1458,BEXA.O,US5870040909,Bexan Corp,Equity,XNAS,USD,Energy,2000-01-01,
1459,TIXA.O,US1769741548,Tisxan Corp,Equity,XNAS,USD,Utilities,2000-01-01,
1460,ULXA.O,US5844757522,Ulxan Corp,Equity,XNAS,USD,Industrials,2000-01-01,
1461,OSTI.O,US4816456825,Osttis Corp,Equity,XNAS,USD,Energy,2000-01-01,
1462,NOBE.O,US3546335931,Norbe Corp,Equity,XNAS,USD,Health Care,2000-01-01,
1463,DAKA.O,US0647451435,Dalkap Corp,Equity,XNAS,USD,Industrials,2000-01-01,
1464,CATI.O,US8947730225,Caltis Corp,Equity,XNAS,USD,Health Care,2000-01-01,
1465,KACO.O,US8388396353,Kapcor Corp,Equity,XNAS,USD,Consumer,2000-01-01,
1466,DANO.O,US3601522983,Dalnor Corp,Equity,XNAS,USD,Utilities,2000-01-01,
1467,BEZE.O,US5167492058,Bezel Corp,Equity,XNAS,USD,Energy,2000-01-01,
1468,FEQU.O,US2273727956,Fenquo Corp,Equity,XNAS,USD,Industrials,2000-01-01,
1469,DUZE.O,US5006725947,Dunzel Corp,Equity,XNAS,USD,Utilities,2000-01-01,
1470,VEVI.O,US1057115846,Venvik Corp,Equity,XNAS,USD,Financials,2000-01-01,
1471,HEBE.O,US2956577541,Helbe Corp,Equity,XNAS,USD,Technology,2000-01-01,
1472,WEQU.O,US6481567231,Wesquo Corp,Equity,XNAS,USD,Health Care,2000-01-01,
1473,FEYO.O,US2567673556,Fenyor Corp,Equity,XNAS,USD,Health Care,2000-01-01,
1474,ULBR.O,US7889886286,Ulbri Corp,Equity,XNAS,USD,Financials,2000-01-01,
1475,DAVI.O,US8560527789,Dalvik Corp,Equity,XNAS,USD,Industrials,2000-01-01,
1476,BEPR.O,US9784389724,Bepra Corp,Equity,XNAS,USD,Materials,2000-01-01,
1477,TOBR.O,US2667585850,Torbri Corp,Equity,XNAS,USD,Technology,2000-01-01,
1478,PRSE.O,US2444569829,Prasen Corp,Equity,XNAS,USD,Materials,2000-01-01,
1479,CAOS.O,US8259919091,Calost Corp,Equity,XNAS,USD,Health Care,2000-01-01,
1480,WELI.O,US5793455735,Weslin Corp,Equity,XNAS,USD,Health Care,2000-01-01,
1481,ELFE.O,US1503335281,Eldfen Corp,Equity,XNAS,USD,Utilities,2000-01-01,
1482,BEBR.O,US7947288247,Bebri Corp,Equity,XNAS,USD,Materials,2000-01-01,
1483,VIOS.O,US4764070042,Vikost Corp,Equity,XNAS,USD,Technology,2000-01-01,
1484,KALI.O,US7894200827,Kaplin Corp,Equity,XNAS,USD,Utilities,2000-01-01,
1485,QUVE.O,US3472661292,Quoven Corp,Equity,XNAS,USD,Materials,2000-01-01,
1486,HEVI.O,US1275762924,Helvik Corp,Equity,XNAS,USD,Industrials,2000-01-01,
1487,ULRA.O,US8567177308,Ulral Corp,Equity,XNAS,USD,Consumer,2000-01-01,
1488,QUDU.O,US9427867103,Quodun Corp,Equity,XNAS,USD,Technology,2000-01-01,
1489,RANO.O,US4233756519,Ralnor Corp,Equity,XNAS,USD,Materials,2000-01-01,
1490,PRXA.O,US4740839410,Praxan Corp,Equity,XNAS,USD,Health Care,2000-01-01,
1491,NOHE.O,US8860390774,Norhel Corp,Equity,XNAS,USD,Materials,2000-01-01,
1492,BEOS.O,US0514484115,Beost Corp,Equity,XNAS,USD,Consumer,2000-01-01,
1493,ARMO.O,US5256324282,Armor Corp,Equity,XNAS,USD,Energy,2000-01-01,
1494,RADA.O,US3696003609,Raldal Corp,Equity,XNAS,USD,Technology,2000-01-01,
1495,ELHE.O,US0920507672,Eldhel Corp,Equity,XNAS,USD,Financials,2000-01-01,
1496,QUHE.O,US6024340870,Quohel Corp,Equity,XNAS,USD,Health Care,2000-01-01,
1497,DAQU.O,US9002309481,Dalquo Corp,Equity,XNAS,USD,Financials,2000-01-01,
1498,SEHE.O,US3235011886,Senhel Corp,Equity,XNAS,USD,Technology,2000-01-01,
1499,BEVI.O,US0854423630,Bevik Corp,Equity,XNAS,USD,Financials,2000-01-01,
1500,BEHE.O,US4894423543,Behel Corp,Equity,XNAS,USD,Consumer,2000-01-01,
1501,ULWE.O,US8712419563,Ulwes Corp,Equity,XNAS,USD,Consumer,2000-01-01,
1502,FADA.O,US9671255356,Faldal Corp,Equity,XNAS,USD,Health Care,2000-01-01,
1503,HECO.O,US3820001727,Helcor Corp,Equity,XNAS,USD,Materials,2000-01-01,
1504,QUGR.O,US6329453015,Quogro Corp,Equity,XNAS,USD,Industrials,2000-01-01,
1505,TOWE.O,US1095169368,Torwes Corp,Equity,XNAS,USD,Industrials,2000-01-01,
1506,RASE.O,US0971914933,Ralsen Corp,Equity,XNAS,USD,Industrials,2000-01-01,
1507,MODA.O,US8488323906,Mordal Corp,Equity,XNAS,USD,Materials,2000-01-01,
1508,KAMO.O,US7810152307,Kapmor Corp,Equity,XNAS,USD,Utilities,2000-01-01,
1509,VIWE.O,US4797446110,Vikwes Corp,Equity,XNAS,USD,Industrials,2000-01-01,
1510,YOZE.O,US0080434228,Yorzel Corp,Equity,XNAS,USD,Technology,2000-01-01,
1511,KAQU.O,US4521721158,Kapquo Corp,Equity,XNAS,USD,Energy,2000-01-01,
1512,ZEFE.O,US4271034740,Zelfen Corp,Equity,XNAS,USD,Health Care,2000-01-01,
1513,QUBE.O,US3369561598,Quobe Corp,Equity,XNAS,USD,Health Care,2000-01-01,
1514,LIFA.O,US7937841617,Linfal Corp,Equity,XNAS,USD,Industrials,2000-01-01,
1515,SEMO.O,US7996734314,Senmor Corp,Equity,XNAS,USD,Energy,2000-01-01,
1516,BRCA.O,US7908336812,Brical Corp,Equity,XNAS,USD,Materials,2000-01-01,
1517,LIPR.O,US0311544506,Linpra Corp,Equity,XNAS,USD,Financials,2000-01-01,
1518,DATI.O,US2156759075,Daltis Corp,Equity,XNAS,USD,Consumer,2000-01-01,
1519,VIAR.O,US2285131744,Vikar Corp,Equity,XNAS,USD,Utilities,2000-01-01,
1520,OSPR.O,US4228635945,Ostpra Corp,Equity,XNAS,USD,Consumer,2000-01-01,
1521,GROS.O,US5615143097,Groost Corp,Equity,XNAS,USD,Financials,2000-01-01,
1522,HEZE.O,US1814774324,Helzel Corp,Equity,XNAS,USD,Energy,2000-01-01,
1523,ZEFA.O,US1314223678,Zelfal Corp,Equity,XNAS,USD,Industrials,2000-01-01,
1524,ELPR.O,US3636513380,Eldpra Corp,Equity,XNAS,USD,Materials,2000-01-01,
1525,FATI.O,US7908637617,Faltis Corp,Equity,XNAS,USD,Utilities,2000-01-01,
1526,MOEL.O,US8846068931,Moreld Corp,Equity,XNAS,USD,Utilities,2000-01-01,
1527,TIDU.O,US1164244696,Tisdun Corp,Equity,XNAS,USD,Financials,2000-01-01,
1528,FETI.O,US9374366359,Fentis Corp,Equity,XNAS,USD,Industrials,2000-01-01,
1529,VEFE.O,US8699983497,Venfen Corp,Equity,XNAS,USD,Energy,2000-01-01,
1530,WEZE.O,US3936209328,Weszel Corp,Equity,XNAS,USD,Energy,2000-01-01,
1531,0157.HK,HK4653457611,Senbri Holdings,Equity,XHKG,HKD,Materials,2000-01-01,
1532,5388.HK,HK4771460478,Fenlin Holdings,Equity,XHKG,HKD,Consumer,2000-01-01,
1533,2686.HK,HK2139425156,Calquo Holdings,Equity,XHKG,HKD,Technology,2000-01-01,
1534,7303.HK,HK4782379858,Ulmor Holdings,Equity,XHKG,HKD,Consumer,2000-01-01,
1535,0309.HK,HK3628084815,Norcor Holdings,Equity,XHKG,HKD,Materials,2000-01-01,
1536,3995.HK,HK8159859558,Eldwes Holdings,Equity,XHKG,HKD,Consumer,2000-01-01,
1537,6678.HK,HK4751953704,Norsen Holdings,Equity,XHKG,HKD,Health Care,2000-01-01,
1538,2019.HK,HK7312730704,Torfal Holdings,Equity,XHKG,HKD,Technology,2000-01-01,
1539,6161.HK,HK2415780315,Coreld Holdings,Equity,XHKG,HKD,Financials,2000-01-01,
1540,3228.HK,HK3755076720,Helgro Holdings,Equity,XHKG,HKD,Consumer,2000-01-01,
1541,7014.HK,HK4019137091,Senwes Holdings,Equity,XHKG,HKD,Health Care,2000-01-01,
1542,9092.HK,HK0429377572,Quocor Holdings,Equity,XHKG,HKD,Health Care,2000-01-01,
1543,9045.HK,HK3058700679,Torcal Holdings,Equity,XHKG,HKD,Industrials,2000-01-01,
1544,5317.HK,HK5321449261,Yorlin Holdings,Equity,XHKG,HKD,Energy,2000-01-01,
1545,4537.HK,HK1208123524,Morwes Holdings,Equity,XHKG,HKD,Consumer,2000-01-01,
1546,9863.HK,HK5559842111,Fenvik Holdings,Equity,XHKG,HKD,Energy,2000-01-01,
1547,5164.HK,HK7887897305,Yorbe Holdings,Equity,XHKG,HKD,Technology,2000-01-01,
1548,2045.HK,HK4569133119,Ralbe Holdings,Equity,XHKG,HKD,Materials,2000-01-01,
1549,4694.HK,HK4834475453,Grodal Holdings,Equity,XHKG,HKD,Energy,2000-01-01,
1550,2099.HK,HK7141395400,Ostbe Holdings,Equity,XHKG,HKD,Industrials,2000-01-01,
1551,1545.HK,HK1325675266,Helnor Holdings,Equity,XHKG,HKD,Industrials,2000-01-01,
1552,4859.HK,HK4434922594,Xanfal Holdings,Equity,XHKG,HKD,Technology,2000-01-01,
1553,3751.HK,HK5253486836,Vikral Holdings,Equity,XHKG,HKD,Energy,2000-01-01,
1554,5998.HK,HK8600491863,Arfal Holdings,Equity,XHKG,HKD,Energy,2000-01-01,
1555,6064.HK,HK1963375653,Kappra Holdings,Equity,XHKG,HKD,Consumer,2000-01-01,
1556,2130.HK,HK1425978347,Senquo Holdings,Equity,XHKG,HKD,Energy,2000-01-01,
1557,9981.HK,HK6870602497,Artor Holdings,Equity,XHKG,HKD,Health Care,2000-01-01,
1558,0720.HK,HK7886311274,Linbe Holdings,Equity,XHKG,HKD,Materials,2000-01-01,
1559,1505.HK,HK9699107664,Dalbe Holdings,Equity,XHKG,HKD,Health Care,2000-01-01,
1560,0570.HK,HK4850365413,Falkap Holdings,Equity,XHKG,HKD,Consumer,2000-01-01,
1561,3731.HK,HK1853078729,Venfal Holdings,Equity,XHKG,HKD,Consumer,2000-01-01,
1562,9515.HK,HK6049659964,Xannor Holdings,Equity,XHKG,HKD,Materials,2000-01-01,
1563,1885.HK,HK9649577024,Helral Holdings,Equity,XHKG,HKD,Materials,2000-01-01,
1564,1802.HK,HK1126680511,Eldar Holdings,Equity,XHKG,HKD,Utilities,2000-01-01,
1565,2241.HK,HK3673896705,Corsen Holdings,Equity,XHKG,HKD,Materials,2000-01-01,
1566,9414.HK,HK1281176637,Wespra Holdings,Equity,XHKG,HKD,Financials,2000-01-01,
1567,4168.HK,HK0512079936,Zelgro Holdings,Equity,XHKG,HKD,Utilities,2000-01-01,
1568,2737.HK,HK0159253905,Praeld Holdings,Equity,XHKG,HKD,Financials,2000-01-01,
1569,4849.HK,HK6858867682,Caldal Holdings,Equity,XHKG,HKD,Energy,2000-01-01,
1570,9297.HK,HK4994449984,Fendal Holdings,Equity,XHKG,HKD,Energy,2000-01-01,
1571,2084.HK,HK0030142337,Zeltis Holdings,Equity,XHKG,HKD,Energy,2000-01-01,
1572,8648.HK,HK6037214384,Zeleld Holdings,Equity,XHKG,HKD,Industrials,2000-01-01,
1573,3453.HK,HK5985925886,Zelcor Holdings,Equity,XHKG,HKD,Energy,2000-01-01,
1574,4068.HK,HK2221369807,Dalost Holdings,Equity,XHKG,HKD,Technology,2000-01-01,
1575,5213.HK,HK0557863239,Ulgro Holdings,Equity,XHKG,HKD,Industrials,2000-01-01,
1576,8559.HK,HK4704223656,Ullin Holdings,Equity,XHKG,HKD,Industrials,2000-01-01,
1577,3366.HK,HK6338245649,Ostlin Holdings,Equity,XHKG,HKD,Consumer,2000-01-01,
1578,5854.HK,HK8216814796,Fenul Holdings,Equity,XHKG,HKD,Energy,2000-01-01,
1579,6666.HK,HK4772636321,Torfen Holdings,Equity,XHKG,HKD,Materials,2000-01-01,
1580,6320.HK,HK2207909153,Calul Holdings,Equity,XHKG,HKD,Financials,2000-01-01,
1581,4894.HK,HK1675306158,Arpra Holdings,Equity,XHKG,HKD,Materials,2000-01-01,
1582,7871.HK,HK5912084405,Senven Holdings,Equity,XHKG,HKD,Health Care,2000-01-01,
1583,1211.HK,HK1025883708,Kapral Holdings,Equity,XHKG,HKD,Materials,2000-01-01,
1584,6506.HK,HK1501678048,Fenmor Holdings,Equity,XHKG,HKD,Materials,2000-01-01,
1585,4513.HK,HK9003924117,Corzel Holdings,Equity,XHKG,HKD,Industrials,2000-01-01,
1586,0307.HK,HK2609622417,Tordun Holdings,Equity,XHKG,HKD,Consumer,2000-01-01,
1587,0372.HK,HK2949461444,Falpra Holdings,Equity,XHKG,HKD,Health Care,2000-01-01,
1588,1046.HK,HK9675512087,Quovik Holdings,Equity,XHKG,HKD,Technology,2000-01-01,
1589,9170.HK,HK9728703693,Falzel Holdings,Equity,XHKG,HKD,Energy,2000-01-01,
1590,6237.HK,HK4498348530,Uldal Holdings,Equity,XHKG,HKD,Health Care,2000-01-01,
1591,8350.HK,HK3085626051,Linwes Holdings,Equity,XHKG,HKD,Technology,2000-01-01,
1592,4359.HK,HK6674850934,Falyor Holdings,Equity,XHKG,HKD,Technology,2000-01-01,
1593,9254.HK,HK3243276659,Callin Holdings,Equity,XHKG,HKD,Technology,2000-01-01,
1594,5237.HK,HK8793839309,Westor Holdings,Equity,XHKG,HKD,Technology,2000-01-01,
1595,2275.HK,HK7548549839,Fenkap Holdings,Equity,XHKG,HKD,Consumer,2000-01-01,
1596,3006.HK,HK3692542073,Mornor Holdings,Equity,XHKG,HKD,Technology,2000-01-01,
1597,0935.HK,HK5614177447,Venyor Holdings,Equity,XHKG,HKD,Industrials,2000-01-01,
1598,8042.HK,HK7690895201,Senfen Holdings,Equity,XHKG,HKD,Financials,2000-01-01,
1599,3162.HK,HK5746701507,Tishel Holdings,Equity,XHKG,HKD,Industrials,2000-01-01,
1600,0775.HK,HK7824501199,Dallin Holdings,Equity,XHKG,HKD,Financials,2000-01-01,
1601,OHYG.L,IE8257095800,Polder High Yield Bond UCITS ETF,ETF,XLON,USD,Fund,2015-01-01,
1602,WLDT.L,IE0620340028,Worldtrack Equity UCITS ETF,ETF,XLON,USD,Fund,2015-01-01,
1603,EMDB.L,IE3332595469,Emerald EM Debt UCITS ETF,ETF,XLON,USD,Fund,2015-01-01,
1604,VXDL.AS,NL0095694185,Vexdal NV,Equity,XAMS,EUR,Industrials,2004-03-01,2026-03-20
