fund_id,cash_date,currency,balance,accrued_fees
OGEF,2025-10-01,EUR,12360000.0,57482.23
OGEF,2025-10-02,EUR,12360000.0,57278.64
OGEF,2025-10-03,EUR,12360000.0,56783.86
OGEF,2025-10-06,EUR,12360000.0,56444.22
OGEF,2025-10-07,EUR,12360000.0,56069.87
OGEF,2025-10-08,EUR,12360000.0,56147.08
OGEF,2025-10-09,EUR,12360000.0,56754.83
OGEF,2025-10-10,EUR,12360000.0,57394.37
OGEF,2025-10-13,EUR,12360000.0,56796.89
OGEF,2025-10-14,EUR,12360000.0,57017.9
OGEF,2025-10-15,EUR,12360000.0,56876.75
OGEF,2025-10-16,EUR,12360000.0,56480.37
OGEF,2025-10-17,EUR,12360000.0,55557.04
OGEF,2025-10-20,EUR,12360000.0,56309.98
OGEF,2025-10-21,EUR,12360000.0,56750.31
OGEF,2025-10-22,EUR,12360000.0,56207.48
OGEF,2025-10-23,EUR,12360000.0,56124.75
OGEF,2025-10-24,EUR,12360000.0,56119.04
OGEF,2025-10-27,EUR,12360000.0,56432.28
OGEF,2025-10-28,EUR,12360000.0,56130.96
OGEF,2025-10-29,EUR,12360000.0,56103.76
OGEF,2025-10-30,EUR,12360000.0,55232.75
OGEF,2025-10-31,EUR,12360000.0,55602.36
OGEF,2025-11-03,EUR,12360000.0,55179.49
OGEF,2025-11-04,EUR,12360000.0,55162.72
OGEF,2025-11-05,EUR,11330076.73,55111.57
OGEF,2025-11-06,EUR,11330076.73,56233.43
OGEF,2025-11-07,EUR,11330076.73,56604.69
OGEF,2025-11-10,EUR,11330076.73,56732.98
OGEF,2025-11-11,EUR,11330076.73,57789.76
OGEF,2025-11-12,EUR,11330076.73,58109.25
OGEF,2025-11-13,EUR,11330076.73,57439.55
OGEF,2025-11-14,EUR,11330076.73,57175.45
OGEF,2025-11-17,EUR,11330076.73,57553.2
OGEF,2025-11-18,EUR,11330076.73,57049.16
OGEF,2025-11-19,EUR,11330076.73,56554.09
OGEF,2025-11-20,EUR,11330076.73,56024.11
OGEF,2025-11-21,EUR,11330076.73,55910.79
OGEF,2025-11-24,EUR,11330076.73,55446.46
OGEF,2025-11-25,EUR,11330076.73,55178.18
OGEF,2025-11-26,EUR,11330076.73,55113.44
OGEF,2025-11-27,EUR,11330076.73,54649.77
OGEF,2025-11-28,EUR,11330076.73,54491.54
OGEF,2025-12-01,EUR,11330076.73,54760.19
OGEF,2025-12-02,EUR,11330076.73,54339.87
OGEF,2025-12-03,EUR,13221294.65,54342.0
OGEF,2025-12-04,EUR,13221294.65,53802.59
OGEF,2025-12-05,EUR,13221294.65,54827.71
OGEF,2025-12-08,EUR,13221294.65,55254.18
OGEF,2025-12-09,EUR,13221294.65,55234.51
OGEF,2025-12-10,EUR,13221294.65,56562.3
OGEF,2025-12-11,EUR,13221294.65,57233.92
OGEF,2025-12-12,EUR,13221294.65,56757.55
OGEF,2025-12-15,EUR,13221294.65,56700.73
OGEF,2025-12-16,EUR,13221294.65,56719.68
OGEF,2025-12-17,EUR,13221294.65,56364.11
OGEF,2025-12-18,EUR,13221294.65,56130.32
OGEF,2025-12-19,EUR,13221294.65,55355.12
OGEF,2025-12-22,EUR,13221294.65,56368.97
OGEF,2025-12-23,EUR,13221294.65,56230.35
OGEF,2025-12-24,EUR,13221294.65,55993.65
OGEF,2025-12-29,EUR,13221294.65,55805.76
OGEF,2025-12-30,EUR,13221294.65,55108.51
OGEF,2025-12-31,EUR,13221294.65,56320.7
OGEF,2026-01-02,EUR,13221294.65,55461.9
OGEF,2026-01-05,EUR,13221294.65,56049.96
OGEF,2026-01-06,EUR,13221294.65,56581.33
OGEF,2026-01-07,EUR,13221294.65,56474.54
OGEF,2026-01-08,EUR,13221294.65,56457.84
OGEF,2026-01-09,EUR,13221294.65,55512.61
OGEF,2026-01-12,EUR,13221294.65,55652.77
OGEF,2026-01-13,EUR,13221294.65,55087.82
OGEF,2026-01-14,EUR,13221294.65,55199.16
OGEF,2026-01-15,EUR,13221294.65,55042.53
OGEF,2026-01-16,EUR,13221294.65,54939.15
OGEF,2026-01-19,EUR,13221294.65,55051.83
OGEF,2026-01-20,EUR,13221294.65,55556.06
OGEF,2026-01-21,EUR,13221294.65,55229.68
OGEF,2026-01-22,EUR,13221294.65,54461.5
OGEF,2026-01-23,EUR,13221294.65,55001.29
OGEF,2026-01-26,EUR,13221294.65,54575.35
OGEF,2026-01-27,EUR,13221294.65,53447.79
OGEF,2026-01-28,EUR,13221294.65,53683.2
OGEF,2026-01-29,EUR,13221294.65,53478.04
OGEF,2026-01-30,EUR,13221294.65,51980.89
OGEF,2026-02-02,EUR,13221294.65,51275.81
OGEF,2026-02-03,EUR,13221294.65,49832.13
OGEF,2026-02-04,EUR,16709958.93,49819.6
OGEF,2026-02-05,EUR,16709958.93,49400.96
OGEF,2026-02-06,EUR,16709958.93,48507.32
OGEF,2026-02-09,EUR,16709958.93,47788.29
OGEF,2026-02-10,EUR,16709958.93,47257.09
OGEF,2026-02-11,EUR,16709958.93,47569.05
OGEF,2026-02-12,EUR,16709958.93,47335.46
OGEF,2026-02-13,EUR,16709958.93,47240.04
OGEF,2026-02-16,EUR,16709958.93,47299.29
OGEF,2026-02-17,EUR,16709958.93,47931.59
OGEF,2026-02-18,EUR,16709958.93,48085.12
OGEF,2026-02-19,EUR,16709958.93,47995.19
OGEF,2026-02-20,EUR,16709958.93,47666.28
OGEF,2026-02-23,EUR,16709958.93,47256.48
OGEF,2026-02-24,EUR,16709958.93,47489.49
OGEF,2026-02-25,EUR,16709958.93,48243.41
OGEF,2026-02-26,EUR,16709958.93,49008.89
OGEF,2026-02-27,EUR,17178189.0,48740.46
OGEF,2026-03-02,EUR,17178189.0,48888.67
OGEF,2026-03-03,EUR,17178189.0,49411.99
OGEF,2026-03-04,EUR,20601956.14,49077.64
OGEF,2026-03-05,EUR,20601956.14,49060.77
OGEF,2026-03-06,EUR,20601956.14,49675.66
OGEF,2026-03-09,EUR,20601956.14,48714.58
OGEF,2026-03-10,EUR,20601956.14,49016.52
OGEF,2026-03-11,EUR,20601956.14,48801.66
OGEF,2026-03-12,EUR,20601956.14,47945.46
OGEF,2026-03-13,EUR,20601956.14,47537.15
OGEF,2026-03-16,EUR,20601956.14,46779.45
OGEF,2026-03-17,EUR,20601956.14,46690.29
OGEF,2026-03-18,EUR,20601956.14,46361.76
OGEF,2026-03-19,EUR,20601956.14,46124.96
OGEF,2026-03-20,EUR,20601956.14,45895.28
OGEF,2026-03-23,EUR,20601956.14,46052.04
OGEF,2026-03-24,EUR,20601956.14,45694.26
OGEF,2026-03-25,EUR,20601956.14,45501.61
OGEF,2026-03-26,EUR,20656082.83,45418.66
OGEF,2026-03-27,EUR,20656082.83,46017.78
OGEF,2026-03-30,EUR,20656082.83,46718.86
OGEF,2026-03-31,EUR,20656082.83,45976.62
OGEF,2026-04-01,EUR,20656082.83,46248.05
OGEF,2026-04-02,EUR,20656082.83,46869.02
OGEF,2026-04-07,EUR,20656082.83,47508.55
OGEF,2026-04-08,EUR,20656082.83,47074.31
OGEF,2026-04-09,EUR,20656082.83,46415.3
OGEF,2026-04-10,EUR,20656082.83,45575.08
OGEF,2026-04-13,EUR,20656082.83,45643.45
OGEF,2026-04-14,EUR,20656082.83,45732.08
OGEF,2026-04-15,EUR,20656082.83,45873.59
OGEF,2026-04-16,EUR,20656082.83,45708.7
OGEF,2026-04-17,EUR,20656082.83,45727.16
OGEF,2026-04-20,EUR,20656082.83,46392.76
OGEF,2026-04-21,EUR,20656082.83,46550.94
OGEF,2026-04-22,EUR,20656082.83,46282.54
OGEF,2026-04-23,EUR,20656082.83,46623.42
OGEF,2026-04-24,EUR,20656082.83,46585.88
OGEF,2026-04-27,EUR,20656082.83,47529.03
OGEF,2026-04-28,EUR,20656082.83,47801.22
OGEF,2026-04-29,EUR,20656082.83,47924.11
OGEF,2026-04-30,EUR,20656082.83,48227.61
OGEF,2026-05-04,EUR,20656082.83,48616.48
OGEF,2026-05-05,EUR,20656082.83,49465.08
OGEF,2026-05-06,EUR,20656082.83,49643.99
OGEF,2026-05-07,EUR,20656082.83,50242.94
OGEF,2026-05-08,EUR,20656082.83,50025.31
OGEF,2026-05-11,EUR,20656082.83,50383.03
OGEF,2026-05-12,EUR,20656082.83,50087.83
OGEF,2026-05-13,EUR,20656082.83,49759.8
OGEF,2026-05-14,EUR,20656082.83,49578.15
OGEF,2026-05-15,EUR,20656082.83,49051.46
OGEF,2026-05-18,EUR,20656082.83,49016.49
OGEF,2026-05-19,EUR,20656082.83,49588.85
OGEF,2026-05-20,EUR,20656082.83,49043.08
OGEF,2026-05-21,EUR,20656082.83,49859.02
OGEF,2026-05-22,EUR,20656082.83,49644.65
OGEF,2026-05-25,EUR,20656082.83,50032.24
OGEF,2026-05-26,EUR,20656082.83,49941.43
OGEF,2026-05-27,EUR,20656082.83,49981.11
OGEF,2026-05-28,EUR,20656082.83,49745.12
OGEF,2026-05-29,EUR,20656082.83,49749.28
OGEF,2026-06-01,EUR,20656082.83,49929.58
OGEF,2026-06-02,EUR,20656082.83,49829.26
OGEF,2026-06-03,EUR,20739058.85,50469.51
OGEF,2026-06-04,EUR,20739058.85,50109.33
OGEF,2026-06-05,EUR,20739058.85,49911.68
OGEF,2026-06-08,EUR,20739058.85,48425.7
OGEF,2026-06-09,EUR,20739058.85,48811.17
OGEF,2026-06-10,EUR,20739058.85,48620.06
OGEF,2026-06-11,EUR,20739058.85,48905.16
OGEF,2026-06-12,EUR,20739058.85,48163.1
OGEF,2026-06-15,EUR,20739058.85,48343.01
OGEF,2026-06-16,EUR,20739058.85,48884.28
OGEF,2026-06-17,EUR,20739058.85,49511.34
OGEF,2026-06-18,EUR,20739058.85,49837.45
OGEF,2026-06-19,EUR,20739058.85,49767.43
OGEF,2026-06-22,EUR,20739058.85,49655.95
OGEF,2026-06-23,EUR,20739058.85,49508.4
OGEF,2026-06-24,EUR,20739058.85,49596.96
OGEF,2026-06-25,EUR,20792529.63,50007.6
OGEF,2026-06-26,EUR,20792529.63,51127.54
OGEF,2026-06-29,EUR,20792529.63,51132.75
OGEF,2026-06-30,EUR,20792529.63,51391.34
OGEF,2026-07-01,EUR,20792529.63,51138.41
OGEF,2026-07-02,EUR,20792529.63,51954.33
OGEF,2026-07-03,EUR,20792529.63,51750.24
OGEF,2026-07-06,EUR,20792529.63,50493.88
OGEF,2026-07-07,EUR,20792529.63,50058.19
OGEF,2026-07-08,EUR,20792529.63,50202.91
OGEF,2026-07-09,EUR,20792529.63,50162.23
OGEF,2026-07-10,EUR,20792529.63,50627.25
OGEF,2026-07-13,EUR,20792529.63,50874.84
OGEF,2026-07-14,EUR,20792529.63,50932.8
OGEF,2026-07-15,EUR,20792529.63,50903.19
OGEF,2026-07-16,EUR,20792529.63,50894.52
OGEF,2026-07-17,EUR,20792529.63,50941.67
OGEF,2026-07-20,EUR,20792529.63,51172.19
OGEF,2026-07-21,EUR,20792529.63,51614.21
OGEF,2026-07-22,EUR,20792529.63,51779.63
OGEF,2026-07-23,EUR,20792529.63,51864.08
OGEF,2026-07-24,EUR,20792529.63,51323.58
OGEF,2026-07-27,EUR,20792529.63,50858.31
OGEF,2026-07-28,EUR,20792529.63,50342.52
OGEF,2026-07-29,EUR,20792529.63,50201.87
OGEF,2026-07-30,EUR,20792529.63,51016.72
OGEF,2026-07-31,EUR,20792529.63,51295.01
OGEF,2026-08-03,EUR,20792529.63,51354.92
OGEF,2026-08-04,EUR,20792529.63,50812.5
OGEF,2026-08-05,EUR,17391666.53,50499.45
OGEF,2026-08-06,EUR,17391666.53,50047.72
OGEF,2026-08-07,EUR,17391666.53,49477.64
OGEF,2026-08-10,EUR,17391666.53,49512.69
OGEF,2026-08-11,EUR,17391666.53,49780.88
OGEF,2026-08-12,EUR,17391666.53,50046.2
OGEF,2026-08-13,EUR,17391666.53,49964.21
OGEF,2026-08-14,EUR,17391666.53,50491.87
OGEF,2026-08-17,EUR,17391666.53,50653.06
OGEF,2026-08-18,EUR,17391666.53,51043.73
OGEF,2026-08-19,EUR,17391666.53,51297.52
OGEF,2026-08-20,EUR,17391666.53,51327.2
OGEF,2026-08-21,EUR,17391666.53,51310.55
OGEF,2026-08-24,EUR,17391666.53,51949.34
OGEF,2026-08-25,EUR,17391666.53,51363.81
OGEF,2026-08-26,EUR,17391666.53,51167.8
OGEF,2026-08-27,EUR,17391666.53,51608.15
OGEF,2026-08-28,EUR,17391666.53,52079.84
OGEF,2026-08-31,EUR,17391666.53,52828.3
OGEF,2026-09-01,EUR,17391666.53,53245.27
OGEF,2026-09-02,EUR,17391666.53,52950.68
OGEF,2026-09-03,EUR,17391666.53,52619.49
OGEF,2026-09-04,EUR,17391666.53,52516.22
OGEF,2026-09-07,EUR,17391666.53,52857.81
OGEF,2026-09-08,EUR,17391666.53,52841.48
OGEF,2026-09-09,EUR,17391666.53,53523.12
OGEF,2026-09-10,EUR,17391666.53,53910.96
OGEF,2026-09-11,EUR,17391666.53,54019.44
OGEF,2026-09-14,EUR,17391666.53,53847.86
OGEF,2026-09-15,EUR,17391666.53,53966.18
OGEF,2026-09-16,EUR,17391666.53,53831.21
OGEF,2026-09-17,EUR,17391666.53,53829.52
OGEF,2026-09-18,EUR,17391666.53,53436.1
OGEF,2026-09-21,EUR,17391666.53,52449.93
OGEF,2026-09-22,EUR,17391666.53,53031.98
OGEF,2026-09-23,EUR,17391666.53,53226.77
OGEF,2026-09-24,EUR,17445915.29,53789.27
OGEF,2026-09-25,EUR,17445915.29,54394.17
OGEF,2026-09-28,EUR,17445915.29,53943.11
OGEF,2026-09-29,EUR,17445915.29,54267.08
OGEF,2026-09-30,EUR,17445915.29,54943.6
OEEF,2025-10-01,EUR,5580000.0,25950.7
OEEF,2025-10-02,EUR,5580000.0,26065.2
OEEF,2025-10-03,EUR,5580000.0,25763.81
OEEF,2025-10-06,EUR,5580000.0,25603.09
OEEF,2025-10-07,EUR,5580000.0,25606.86
OEEF,2025-10-08,EUR,5580000.0,25424.95
OEEF,2025-10-09,EUR,5580000.0,25705.97
OEEF,2025-10-10,EUR,5580000.0,26177.76
OEEF,2025-10-13,EUR,5580000.0,25943.26
OEEF,2025-10-14,EUR,5580000.0,25923.29
OEEF,2025-10-15,EUR,5580000.0,25884.33
OEEF,2025-10-16,EUR,5580000.0,25842.23
OEEF,2025-10-17,EUR,5580000.0,25393.05
OEEF,2025-10-20,EUR,5580000.0,25626.52
OEEF,2025-10-21,EUR,5580000.0,25933.53
OEEF,2025-10-22,EUR,5580000.0,26047.52
OEEF,2025-10-23,EUR,5580000.0,26014.97
OEEF,2025-10-24,EUR,5580000.0,25914.41
OEEF,2025-10-27,EUR,5580000.0,25886.86
OEEF,2025-10-28,EUR,5580000.0,25475.47
OEEF,2025-10-29,EUR,5580000.0,25614.32
OEEF,2025-10-30,EUR,5580000.0,25398.23
OEEF,2025-10-31,EUR,5580000.0,25551.1
OEEF,2025-11-03,EUR,5580000.0,25354.92
OEEF,2025-11-04,EUR,5580000.0,25432.12
OEEF,2025-11-05,EUR,5229959.62,25471.89
OEEF,2025-11-06,EUR,5229959.62,25975.2
OEEF,2025-11-07,EUR,5229959.62,26197.97
OEEF,2025-11-10,EUR,5229959.62,26376.17
OEEF,2025-11-11,EUR,5229959.62,26977.72
OEEF,2025-11-12,EUR,5229959.62,27227.93
OEEF,2025-11-13,EUR,5229959.62,26637.45
OEEF,2025-11-14,EUR,5229959.62,26601.9
OEEF,2025-11-17,EUR,5229959.62,26762.16
OEEF,2025-11-18,EUR,5229959.62,26473.15
OEEF,2025-11-19,EUR,5229959.62,26327.26
OEEF,2025-11-20,EUR,5229959.62,26274.22
OEEF,2025-11-21,EUR,5229959.62,26200.71
OEEF,2025-11-24,EUR,5229959.62,25672.3
OEEF,2025-11-25,EUR,5229959.62,25541.5
OEEF,2025-11-26,EUR,5229959.62,25669.02
OEEF,2025-11-27,EUR,5229959.62,25603.66
OEEF,2025-11-28,EUR,5229959.62,25247.08
OEEF,2025-12-01,EUR,5229959.62,25403.41
OEEF,2025-12-02,EUR,5229959.62,25379.37
OEEF,2025-12-03,EUR,5108743.49,25415.88
OEEF,2025-12-04,EUR,5108743.49,25420.84
OEEF,2025-12-05,EUR,5108743.49,25814.51
OEEF,2025-12-08,EUR,5108743.49,26139.35
OEEF,2025-12-09,EUR,5108743.49,26455.49
OEEF,2025-12-10,EUR,5108743.49,26928.09
OEEF,2025-12-11,EUR,5108743.49,27489.79
OEEF,2025-12-12,EUR,5108743.49,27139.35
OEEF,2025-12-15,EUR,5108743.49,27293.08
OEEF,2025-12-16,EUR,5108743.49,27112.72
OEEF,2025-12-17,EUR,5108743.49,26965.45
OEEF,2025-12-18,EUR,5108743.49,26757.91
OEEF,2025-12-19,EUR,5108743.49,26342.85
OEEF,2025-12-22,EUR,5108743.49,26817.83
OEEF,2025-12-23,EUR,5108743.49,26609.8
OEEF,2025-12-24,EUR,5108743.49,26627.63
OEEF,2025-12-29,EUR,5108743.49,26502.99
OEEF,2025-12-30,EUR,5108743.49,26532.52
OEEF,2025-12-31,EUR,5108743.49,26873.48
OEEF,2026-01-02,EUR,5108743.49,26395.23
OEEF,2026-01-05,EUR,5108743.49,26667.75
OEEF,2026-01-06,EUR,5108743.49,26791.52
OEEF,2026-01-07,EUR,5108743.49,26725.47
OEEF,2026-01-08,EUR,5108743.49,26715.06
OEEF,2026-01-09,EUR,5108743.49,26254.21
OEEF,2026-01-12,EUR,5108743.49,26234.11
OEEF,2026-01-13,EUR,5108743.49,25983.92
OEEF,2026-01-14,EUR,5108743.49,25754.42
OEEF,2026-01-15,EUR,5108743.49,25444.95
OEEF,2026-01-16,EUR,5108743.49,25570.87
OEEF,2026-01-19,EUR,5108743.49,25801.81
OEEF,2026-01-20,EUR,5108743.49,25901.89
OEEF,2026-01-21,EUR,5108743.49,25738.93
OEEF,2026-01-22,EUR,5108743.49,25669.35
OEEF,2026-01-23,EUR,5108743.49,25903.47
OEEF,2026-01-26,EUR,5108743.49,25792.8
OEEF,2026-01-27,EUR,5108743.49,25478.71
OEEF,2026-01-28,EUR,5108743.49,25681.06
OEEF,2026-01-29,EUR,5108743.49,25388.93
OEEF,2026-01-30,EUR,5108743.49,24678.24
OEEF,2026-02-02,EUR,5108743.49,24397.31
OEEF,2026-02-03,EUR,5108743.49,23732.55
OEEF,2026-02-04,EUR,4115139.29,23778.62
OEEF,2026-02-05,EUR,4115139.29,23612.03
OEEF,2026-02-06,EUR,4115139.29,23243.17
OEEF,2026-02-09,EUR,4115139.29,22843.03
OEEF,2026-02-10,EUR,4115139.29,22675.27
OEEF,2026-02-11,EUR,4115139.29,22752.42
OEEF,2026-02-12,EUR,4115139.29,22762.72
OEEF,2026-02-13,EUR,4115139.29,22527.45
OEEF,2026-02-16,EUR,4115139.29,22458.11
OEEF,2026-02-17,EUR,4115139.29,22896.61
OEEF,2026-02-18,EUR,4115139.29,22791.39
OEEF,2026-02-19,EUR,4115139.29,22673.57
OEEF,2026-02-20,EUR,4115139.29,22522.42
OEEF,2026-02-23,EUR,4115139.29,22279.15
OEEF,2026-02-24,EUR,4115139.29,22415.38
OEEF,2026-02-25,EUR,4115139.29,22891.14
OEEF,2026-02-26,EUR,4115139.29,23348.68
OEEF,2026-02-27,EUR,4115139.29,23132.84
OEEF,2026-03-02,EUR,4115139.29,23360.72
OEEF,2026-03-03,EUR,4115139.29,23572.76
OEEF,2026-03-04,EUR,3730701.68,23526.29
OEEF,2026-03-05,EUR,3730701.68,23508.61
OEEF,2026-03-06,EUR,3730701.68,23629.79
OEEF,2026-03-09,EUR,3730701.68,23170.17
OEEF,2026-03-10,EUR,3730701.68,23465.3
OEEF,2026-03-11,EUR,3730701.68,23200.9
OEEF,2026-03-12,EUR,3730701.68,22685.06
OEEF,2026-03-13,EUR,3730701.68,22626.02
OEEF,2026-03-16,EUR,3730701.68,22296.16
OEEF,2026-03-17,EUR,3730701.68,22191.37
OEEF,2026-03-18,EUR,3730701.68,22076.7
OEEF,2026-03-19,EUR,3730701.68,22098.17
OEEF,2026-03-20,EUR,3730701.68,22040.12
OEEF,2026-03-23,EUR,3730701.68,22252.11
OEEF,2026-03-24,EUR,3730701.68,22084.95
OEEF,2026-03-25,EUR,3730701.68,22186.55
OEEF,2026-03-26,EUR,3824755.52,22309.47
OEEF,2026-03-27,EUR,3824755.52,22556.6
OEEF,2026-03-30,EUR,3824755.52,22758.3
OEEF,2026-03-31,EUR,3824755.52,22235.0
OEEF,2026-04-01,EUR,3824755.52,22331.55
OEEF,2026-04-02,EUR,3824755.52,22546.06
OEEF,2026-04-07,EUR,3824755.52,22654.11
OEEF,2026-04-08,EUR,3824755.52,22458.09
OEEF,2026-04-09,EUR,3824755.52,22013.9
OEEF,2026-04-10,EUR,3824755.52,21620.72
OEEF,2026-04-13,EUR,3824755.52,21561.48
OEEF,2026-04-14,EUR,3824755.52,21641.01
OEEF,2026-04-15,EUR,3824755.52,21658.41
OEEF,2026-04-16,EUR,3824755.52,21734.46
OEEF,2026-04-17,EUR,3824755.52,21661.93
OEEF,2026-04-20,EUR,3824755.52,22136.77
OEEF,2026-04-21,EUR,3824755.52,22143.5
OEEF,2026-04-22,EUR,3824755.52,22006.81
OEEF,2026-04-23,EUR,3824755.52,21943.51
OEEF,2026-04-24,EUR,3824755.52,22012.64
OEEF,2026-04-27,EUR,3824755.52,22423.49
OEEF,2026-04-28,EUR,3824755.52,22329.82
OEEF,2026-04-29,EUR,3824755.52,22456.32
OEEF,2026-04-30,EUR,3824755.52,22652.71
OEEF,2026-05-04,EUR,3824755.52,22831.76
OEEF,2026-05-05,EUR,3824755.52,23187.86
OEEF,2026-05-06,EUR,3824755.52,23384.44
OEEF,2026-05-07,EUR,3824755.52,23481.6
OEEF,2026-05-08,EUR,3824755.52,23424.8
OEEF,2026-05-11,EUR,3824755.52,23480.05
OEEF,2026-05-12,EUR,3824755.52,23331.75
OEEF,2026-05-13,EUR,3824755.52,23317.89
OEEF,2026-05-14,EUR,3824755.52,23185.97
OEEF,2026-05-15,EUR,3824755.52,22871.38
OEEF,2026-05-18,EUR,3824755.52,22736.7
OEEF,2026-05-19,EUR,3824755.52,22883.84
OEEF,2026-05-20,EUR,3824755.52,22505.63
OEEF,2026-05-21,EUR,3824755.52,22738.3
OEEF,2026-05-22,EUR,3824755.52,22910.19
OEEF,2026-05-25,EUR,3824755.52,23340.69
OEEF,2026-05-26,EUR,3824755.52,23347.95
OEEF,2026-05-27,EUR,3824755.52,23496.9
OEEF,2026-05-28,EUR,3824755.52,23143.62
OEEF,2026-05-29,EUR,3824755.52,23158.66
OEEF,2026-06-01,EUR,3824755.52,23245.26
OEEF,2026-06-02,EUR,3824755.52,23161.38
OEEF,2026-06-03,EUR,3099764.45,23683.99
OEEF,2026-06-04,EUR,3099764.45,23712.15
OEEF,2026-06-05,EUR,3099764.45,23725.18
OEEF,2026-06-08,EUR,3099764.45,23088.3
OEEF,2026-06-09,EUR,3099764.45,23254.45
OEEF,2026-06-10,EUR,3099764.45,23173.62
OEEF,2026-06-11,EUR,3099764.45,23264.84
OEEF,2026-06-12,EUR,3099764.45,22863.29
OEEF,2026-06-15,EUR,3099764.45,23191.49
OEEF,2026-06-16,EUR,3099764.45,23177.41
OEEF,2026-06-17,EUR,3099764.45,23569.87
OEEF,2026-06-18,EUR,3099764.45,23494.01
OEEF,2026-06-19,EUR,3099764.45,23232.78
OEEF,2026-06-22,EUR,3099764.45,23406.34
OEEF,2026-06-23,EUR,3099764.45,23406.93
OEEF,2026-06-24,EUR,3099764.45,23542.33
OEEF,2026-06-25,EUR,3195316.22,23658.84
OEEF,2026-06-26,EUR,3195316.22,24169.98
OEEF,2026-06-29,EUR,3195316.22,24230.47
OEEF,2026-06-30,EUR,3195316.22,24470.53
OEEF,2026-07-01,EUR,3195316.22,24614.42
OEEF,2026-07-02,EUR,3195316.22,24779.0
OEEF,2026-07-03,EUR,3195316.22,24566.65
OEEF,2026-07-06,EUR,3195316.22,24039.78
OEEF,2026-07-07,EUR,3195316.22,23730.54
OEEF,2026-07-08,EUR,3195316.22,23785.87
OEEF,2026-07-09,EUR,3195316.22,23900.77
OEEF,2026-07-10,EUR,3195316.22,24207.4
OEEF,2026-07-13,EUR,3195316.22,23930.93
OEEF,2026-07-14,EUR,3195316.22,23954.58
OEEF,2026-07-15,EUR,3195316.22,23926.96
OEEF,2026-07-16,EUR,3195316.22,23963.69
OEEF,2026-07-17,EUR,3195316.22,24036.64
OEEF,2026-07-20,EUR,3195316.22,24436.77
OEEF,2026-07-21,EUR,3195316.22,24592.28
OEEF,2026-07-22,EUR,3195316.22,24778.72
OEEF,2026-07-23,EUR,3195316.22,24929.28
OEEF,2026-07-24,EUR,3195316.22,24550.03
OEEF,2026-07-27,EUR,3195316.22,24334.32
OEEF,2026-07-28,EUR,3195316.22,24030.69
OEEF,2026-07-29,EUR,3195316.22,24089.82
OEEF,2026-07-30,EUR,3195316.22,24488.8
OEEF,2026-07-31,EUR,3195316.22,24713.6
OEEF,2026-08-03,EUR,3195316.22,24722.78
OEEF,2026-08-04,EUR,3195316.22,24542.49
OEEF,2026-08-05,EUR,-352554.64,24240.34
OEEF,2026-08-06,EUR,-352554.64,24185.56
OEEF,2026-08-07,EUR,-352554.64,23995.14
OEEF,2026-08-10,EUR,-352554.64,24246.82
OEEF,2026-08-11,EUR,-352554.64,24455.29
OEEF,2026-08-12,EUR,-352554.64,24686.3
OEEF,2026-08-13,EUR,-352554.64,24644.98
OEEF,2026-08-14,EUR,-352554.64,25057.6
OEEF,2026-08-17,EUR,-352554.64,25268.94
OEEF,2026-08-18,EUR,-352554.64,25416.93
OEEF,2026-08-19,EUR,-352554.64,25600.9
OEEF,2026-08-20,EUR,-352554.64,25638.32
OEEF,2026-08-21,EUR,-352554.64,25787.25
OEEF,2026-08-24,EUR,-352554.64,26116.06
OEEF,2026-08-25,EUR,-352554.64,26140.21
OEEF,2026-08-26,EUR,-352554.64,25935.02
OEEF,2026-08-27,EUR,-352554.64,26425.35
OEEF,2026-08-28,EUR,-352554.64,26559.21
OEEF,2026-08-31,EUR,-352554.64,26939.79
OEEF,2026-09-01,EUR,-352554.64,27338.82
OEEF,2026-09-02,EUR,-352554.64,27051.77
OEEF,2026-09-03,EUR,-352554.64,26991.02
OEEF,2026-09-04,EUR,-352554.64,26817.49
OEEF,2026-09-07,EUR,-352554.64,27368.67
OEEF,2026-09-08,EUR,-352554.64,27244.63
OEEF,2026-09-09,EUR,-352554.64,27597.39
OEEF,2026-09-10,EUR,-352554.64,27670.37
OEEF,2026-09-11,EUR,-352554.64,27538.8
OEEF,2026-09-14,EUR,-352554.64,27588.73
OEEF,2026-09-15,EUR,-352554.64,27495.74
OEEF,2026-09-16,EUR,-352554.64,27259.95
OEEF,2026-09-17,EUR,-352554.64,27271.65
OEEF,2026-09-18,EUR,-352554.64,27060.12
OEEF,2026-09-21,EUR,-352554.64,26600.24
OEEF,2026-09-22,EUR,-352554.64,26867.14
OEEF,2026-09-23,EUR,-352554.64,27010.44
OEEF,2026-09-24,EUR,-255612.63,27608.75
OEEF,2026-09-25,EUR,-255612.63,28052.19
OEEF,2026-09-28,EUR,-255612.63,27479.15
OEEF,2026-09-29,EUR,-255612.63,27542.89
OEEF,2026-09-30,EUR,-255612.63,27944.83
