fund_id,nav_date,record_type,nav_total,shares,nav_per_share,delivered_at
OEEF,2025-10-01,ORIGINAL,185973206.69,743892.827,250.0,2025-10-02T07:00:00
OGEF,2025-10-01,ORIGINAL,411940868.8,4119408.688,100.0,2025-10-02T07:00:00
OEEF,2025-10-02,ORIGINAL,186769148.82,743892.827,251.07,2025-10-03T07:00:00
OGEF,2025-10-02,ORIGINAL,410525675.29,4119408.688,99.6565,2025-10-03T07:00:00
OEEF,2025-10-03,ORIGINAL,184674048.7,743892.827,248.2536,2025-10-04T07:00:00
OGEF,2025-10-03,ORIGINAL,407086211.73,4119408.688,98.8215,2025-10-04T07:00:00
OEEF,2025-10-06,ORIGINAL,183556812.09,743892.827,246.7517,2025-10-07T07:00:00
OGEF,2025-10-06,ORIGINAL,404725241.72,4119408.688,98.2484,2025-10-07T07:00:00
OEEF,2025-10-07,ORIGINAL,183583045.17,743892.827,246.787,2025-10-08T07:00:00
OGEF,2025-10-07,ORIGINAL,402123056.9,4119408.688,97.6167,2025-10-08T07:00:00
OEEF,2025-10-08,ORIGINAL,182318506.22,743892.827,245.0871,2025-10-09T07:00:00
OGEF,2025-10-08,ORIGINAL,402659725.26,4119408.688,97.747,2025-10-09T07:00:00
OEEF,2025-10-09,ORIGINAL,184272005.17,743892.827,247.7131,2025-10-10T07:00:00
OGEF,2025-10-09,ORIGINAL,406884426.55,4119408.688,98.7725,2025-10-10T07:00:00
OEEF,2025-10-10,ORIGINAL,187551568.9,743892.827,252.1218,2025-10-11T07:00:00
OGEF,2025-10-10,ORIGINAL,411330139.87,4119408.688,99.8517,2025-10-11T07:00:00
OEEF,2025-10-13,ORIGINAL,185921499.43,743892.827,249.9305,2025-10-14T07:00:00
OGEF,2025-10-13,ORIGINAL,407176801.2,4119408.688,98.8435,2025-10-14T07:00:00
OEEF,2025-10-14,ORIGINAL,185782680.0,743892.827,249.7439,2025-10-15T07:00:00
OGEF,2025-10-14,ORIGINAL,408713133.02,4119408.688,99.2165,2025-10-15T07:00:00
OEEF,2025-10-15,ORIGINAL,185511805.6,743892.827,249.3797,2025-10-16T07:00:00
OGEF,2025-10-15,ORIGINAL,407731985.18,4119408.688,98.9783,2025-10-16T07:00:00
OEEF,2025-10-16,ORIGINAL,185219185.02,743892.827,248.9864,2025-10-17T07:00:00
OGEF,2025-10-16,ORIGINAL,404976588.06,4119408.688,98.3094,2025-10-17T07:00:00
OEEF,2025-10-17,ORIGINAL,182096749.49,743892.827,244.789,2025-10-18T07:00:00
OGEF,2025-10-17,ORIGINAL,398558181.02,4119408.688,96.7513,2025-10-18T07:00:00
OEEF,2025-10-20,ORIGINAL,183719694.9,743892.827,246.9706,2025-10-21T07:00:00
OGEF,2025-10-20,ORIGINAL,403792105.95,4119408.688,98.0219,2025-10-21T07:00:00
OEEF,2025-10-21,ORIGINAL,185853856.41,743892.827,249.8396,2025-10-22T07:00:00
OGEF,2025-10-21,ORIGINAL,406852997.83,4119408.688,98.7649,2025-10-22T07:00:00
OEEF,2025-10-22,ORIGINAL,186646262.89,743892.827,250.9048,2025-10-23T07:00:00
OGEF,2025-10-22,ORIGINAL,403079600.04,4119408.688,97.8489,2025-10-23T07:00:00
OEEF,2025-10-23,ORIGINAL,186419934.02,743892.827,250.6005,2025-10-24T07:00:00
OGEF,2025-10-23,ORIGINAL,402504491.64,4119408.688,97.7093,2025-10-24T07:00:00
OEEF,2025-10-24,ORIGINAL,185720944.23,743892.827,249.6609,2025-10-25T07:00:00
OGEF,2025-10-24,ORIGINAL,402464845.67,4119408.688,97.6997,2025-10-25T07:00:00
OEEF,2025-10-27,ORIGINAL,185529421.43,743892.827,249.4034,2025-10-28T07:00:00
OGEF,2025-10-27,ORIGINAL,404642304.86,4119408.688,98.2282,2025-10-28T07:00:00
OEEF,2025-10-28,ORIGINAL,182669723.24,743892.827,245.5592,2025-10-29T07:00:00
OGEF,2025-10-28,ORIGINAL,402547689.42,4119408.688,97.7198,2025-10-29T07:00:00
OEEF,2025-10-29,ORIGINAL,183634874.5,743892.827,246.8566,2025-10-30T07:00:00
OGEF,2025-10-29,ORIGINAL,402358580.64,4119408.688,97.6739,2025-10-30T07:00:00
OEEF,2025-10-30,ORIGINAL,182132795.7,743892.827,244.8374,2025-10-31T07:00:00
OGEF,2025-10-30,ORIGINAL,396303911.18,4119408.688,96.2041,2025-10-31T07:00:00
OEEF,2025-10-31,ORIGINAL,183195402.56,743892.827,246.2659,2025-11-01T07:00:00
OGEF,2025-10-31,ORIGINAL,398873199.65,4119408.688,96.8278,2025-11-01T07:00:00
OEEF,2025-11-03,ORIGINAL,181831674.59,743892.827,244.4326,2025-11-04T07:00:00
OGEF,2025-11-03,ORIGINAL,395933638.57,4119408.688,96.1142,2025-11-04T07:00:00
OEEF,2025-11-04,ORIGINAL,182368350.8,743892.827,245.1541,2025-11-05T07:00:00
OGEF,2025-11-04,ORIGINAL,395817090.64,4119408.688,96.0859,2025-11-05T07:00:00
OEEF,2025-11-05,ORIGINAL,182294804.64,742467.15,245.5258,2025-11-06T07:00:00
OGEF,2025-11-05,ORIGINAL,394431575.96,4108680.274,95.9996,2025-11-06T07:00:00
OEEF,2025-11-06,ORIGINAL,185793437.64,742467.15,250.2379,2025-11-07T07:00:00
OGEF,2025-11-06,ORIGINAL,402230064.03,4108680.274,97.8976,2025-11-07T07:00:00
OEEF,2025-11-07,ORIGINAL,187342034.47,742467.15,252.3237,2025-11-08T07:00:00
OGEF,2025-11-07,ORIGINAL,404810866.12,4108680.274,98.5258,2025-11-08T07:00:00
OEEF,2025-11-10,ORIGINAL,188580737.9,742467.15,253.992,2025-11-11T07:00:00
OGEF,2025-11-10,ORIGINAL,405702609.54,4108680.274,98.7428,2025-11-11T07:00:00
OEEF,2025-11-11,ORIGINAL,192762364.96,742467.15,259.6241,2025-11-12T07:00:00
OGEF,2025-11-11,ORIGINAL,413048703.53,4108680.274,100.5307,2025-11-12T07:00:00
OEEF,2025-11-12,ORIGINAL,194501640.12,742467.15,261.9667,2025-11-13T07:00:00
OGEF,2025-11-12,ORIGINAL,415269583.61,4108680.274,101.0713,2025-11-13T07:00:00
OEEF,2025-11-13,ORIGINAL,190397029.99,742467.15,256.4383,2025-11-14T07:00:00
OGEF,2025-11-13,ORIGINAL,410614266.23,4108680.274,99.9382,2025-11-14T07:00:00
OEEF,2025-11-14,ORIGINAL,190149931.09,742467.15,256.1055,2025-11-15T07:00:00
OGEF,2025-11-14,ORIGINAL,408778436.57,4108680.274,99.4914,2025-11-15T07:00:00
OEEF,2025-11-17,ORIGINAL,191263954.05,742467.15,257.6059,2025-11-18T07:00:00
OGEF,2025-11-17,ORIGINAL,411404276.4,4108680.274,100.1305,2025-11-18T07:00:00
OEEF,2025-11-18,ORIGINAL,189254943.75,742467.15,254.9001,2025-11-19T07:00:00
OGEF,2025-11-18,ORIGINAL,407900517.43,4108680.274,99.2777,2025-11-19T07:00:00
OEEF,2025-11-19,ORIGINAL,188240786.75,742467.15,253.5342,2025-11-20T07:00:00
OGEF,2025-11-19,ORIGINAL,404459085.99,4108680.274,98.4401,2025-11-20T07:00:00
OEEF,2025-11-20,ORIGINAL,187872085.15,742467.15,253.0376,2025-11-21T07:00:00
OGEF,2025-11-20,ORIGINAL,400775005.75,4108680.274,97.5435,2025-11-21T07:00:00
OEEF,2025-11-21,ORIGINAL,187361100.71,742467.15,252.3493,2025-11-22T07:00:00
OGEF,2025-11-21,ORIGINAL,399987250.42,4108680.274,97.3518,2025-11-22T07:00:00
OEEF,2025-11-24,ORIGINAL,183687923.69,742467.15,247.4021,2025-11-25T07:00:00
OGEF,2025-11-24,ORIGINAL,396759569.07,4108680.274,96.5662,2025-11-25T07:00:00
OEEF,2025-11-25,ORIGINAL,182778667.86,742467.15,246.1774,2025-11-26T07:00:00
OGEF,2025-11-25,ORIGINAL,394894640.6,4108680.274,96.1123,2025-11-26T07:00:00
OEEF,2025-11-26,ORIGINAL,183665096.87,742467.15,247.3713,2025-11-27T07:00:00
OGEF,2025-11-26,ORIGINAL,394444596.47,4108680.274,96.0027,2025-11-27T07:00:00
OEEF,2025-11-27,ORIGINAL,183210726.18,742467.15,246.7594,2025-11-28T07:00:00
OGEF,2025-11-27,ORIGINAL,391221431.89,4108680.274,95.2183,2025-11-28T07:00:00
OEEF,2025-11-28,ORIGINAL,180731999.33,742467.15,243.4209,2025-11-29T07:00:00
OGEF,2025-11-28,ORIGINAL,390121549.84,4108680.274,94.9506,2025-11-29T07:00:00
OEEF,2025-12-01,ORIGINAL,181818747.51,742467.15,244.8846,2025-12-02T07:00:00
OGEF,2025-12-01,ORIGINAL,391989020.7,4108680.274,95.4051,2025-12-02T07:00:00
OEEF,2025-12-02,ORIGINAL,181651625.09,742467.15,244.6595,2025-12-03T07:00:00
OGEF,2025-12-02,ORIGINAL,389067181.55,4108680.274,94.694,2025-12-03T07:00:00
OEEF,2025-12-03,ORIGINAL,181784220.04,741972.393,245.0013,2025-12-04T07:00:00
OGEF,2025-12-03,ORIGINAL,390973264.31,4128651.408,94.6976,2025-12-04T07:00:00
OEEF,2025-12-04,ORIGINAL,181818701.02,741972.393,245.0478,2025-12-05T07:00:00
OGEF,2025-12-04,ORIGINAL,387223611.83,4128651.408,93.7894,2025-12-05T07:00:00
OEEF,2025-12-05,ORIGINAL,184555229.71,741972.393,248.736,2025-12-06T07:00:00
OGEF,2025-12-05,ORIGINAL,394349585.56,4128651.408,95.5154,2025-12-06T07:00:00
OEEF,2025-12-08,ORIGINAL,186813331.95,741972.393,251.7794,2025-12-09T07:00:00
OGEF,2025-12-08,ORIGINAL,397314131.32,4128651.408,96.2334,2025-12-09T07:00:00
OEEF,2025-12-09,ORIGINAL,189010910.32,741972.393,254.7412,2025-12-10T07:00:00
OGEF,2025-12-09,ORIGINAL,397177424.24,4128651.408,96.2003,2025-12-10T07:00:00
OEEF,2025-12-10,ORIGINAL,192296152.82,741972.393,259.1689,2025-12-11T07:00:00
OGEF,2025-12-10,ORIGINAL,406407354.8,4128651.408,98.4359,2025-12-11T07:00:00
OEEF,2025-12-11,ORIGINAL,196200770.04,741972.393,264.4314,2025-12-12T07:00:00
OGEF,2025-12-11,ORIGINAL,411076052.23,4128651.408,99.5667,2025-12-12T07:00:00
OEEF,2025-12-12,ORIGINAL,193764715.25,741972.393,261.1481,2025-12-13T07:00:00
OGEF,2025-12-12,ORIGINAL,407764666.28,4128651.408,98.7646,2025-12-13T07:00:00
OEEF,2025-12-15,ORIGINAL,194833334.08,741972.393,262.5884,2025-12-16T07:00:00
OGEF,2025-12-15,ORIGINAL,407369648.07,4128651.408,98.6689,2025-12-16T07:00:00
OEEF,2025-12-16,ORIGINAL,193579584.41,741972.393,260.8986,2025-12-17T07:00:00
OGEF,2025-12-16,ORIGINAL,407501404.72,4128651.408,98.7009,2025-12-17T07:00:00
OEEF,2025-12-17,ORIGINAL,192555882.49,741972.393,259.5189,2025-12-18T07:00:00
OGEF,2025-12-17,ORIGINAL,405029674.77,4128651.408,98.1022,2025-12-18T07:00:00
OEEF,2025-12-18,ORIGINAL,191113136.02,741972.393,257.5745,2025-12-19T07:00:00
OGEF,2025-12-18,ORIGINAL,403404518.13,4128651.408,97.7085,2025-12-19T07:00:00
OEEF,2025-12-19,ORIGINAL,188227962.21,741972.393,253.6859,2025-12-20T07:00:00
OGEF,2025-12-19,ORIGINAL,398015841.34,4128651.408,96.4034,2025-12-20T07:00:00
OEEF,2025-12-22,ORIGINAL,191529673.59,741972.393,258.1358,2025-12-23T07:00:00
OGEF,2025-12-22,ORIGINAL,405063452.56,4128651.408,98.1104,2025-12-23T07:00:00
OEEF,2025-12-23,ORIGINAL,190083631.07,741972.393,256.1869,2025-12-24T07:00:00
OGEF,2025-12-23,ORIGINAL,404099865.56,4128651.408,97.877,2025-12-24T07:00:00
OEEF,2025-12-24,ORIGINAL,190207525.95,741972.393,256.3539,2025-12-25T07:00:00
OGEF,2025-12-24,ORIGINAL,402454497.35,4128651.408,97.4784,2025-12-25T07:00:00
OEEF,2025-12-29,ORIGINAL,189341113.38,741972.393,255.1862,2025-12-30T07:00:00
OGEF,2025-12-29,ORIGINAL,401148399.58,4128651.408,97.1621,2025-12-30T07:00:00
OEEF,2025-12-30,ORIGINAL,189546422.17,741972.393,255.4629,2025-12-31T07:00:00
OGEF,2025-12-30,ORIGINAL,396301509.98,4128651.408,95.9881,2025-12-31T07:00:00
OEEF,2025-12-31,ORIGINAL,191916543.33,741972.393,258.6573,2026-01-01T07:00:00
OGEF,2025-12-31,ORIGINAL,404727929.08,4128651.408,98.0291,2026-01-01T07:00:00
OEEF,2026-01-02,ORIGINAL,188592067.4,741972.393,254.1767,2026-01-03T07:00:00
OGEF,2026-01-02,ORIGINAL,398758115.93,4128651.408,96.5831,2026-01-03T07:00:00
OEEF,2026-01-05,ORIGINAL,190486463.74,741972.393,256.7299,2026-01-06T07:00:00
OGEF,2026-01-05,ORIGINAL,402845908.59,4128651.408,97.5732,2026-01-06T07:00:00
OEEF,2026-01-06,ORIGINAL,191346803.07,741972.393,257.8894,2026-01-07T07:00:00
OGEF,2026-01-06,ORIGINAL,406539675.71,4128651.408,98.4679,2026-01-07T07:00:00
OEEF,2026-01-07,ORIGINAL,190887656.63,741972.393,257.2706,2026-01-08T07:00:00
OGEF,2026-01-07,ORIGINAL,405797333.48,4128651.408,98.2881,2026-01-08T07:00:00
OEEF,2026-01-08,ORIGINAL,190815302.99,741972.393,257.173,2026-01-09T07:00:00
OGEF,2026-01-08,ORIGINAL,405681217.33,4128651.408,98.26,2026-01-09T07:00:00
OEEF,2026-01-09,ORIGINAL,187611726.96,741972.393,252.8554,2026-01-10T07:00:00
OGEF,2026-01-09,ORIGINAL,399110592.52,4128651.408,96.6685,2026-01-10T07:00:00
OEEF,2026-01-12,ORIGINAL,187472039.51,741972.393,252.6671,2026-01-13T07:00:00
OGEF,2026-01-12,ORIGINAL,400084909.99,4128651.408,96.9045,2026-01-13T07:00:00
OEEF,2026-01-13,ORIGINAL,185732841.02,741972.393,250.3231,2026-01-14T07:00:00
OGEF,2026-01-13,ORIGINAL,396157720.81,4128651.408,95.9533,2026-01-14T07:00:00
OEEF,2026-01-14,ORIGINAL,184137503.77,741972.393,248.173,2026-01-15T07:00:00
OGEF,2026-01-14,ORIGINAL,396931688.3,4128651.408,96.1408,2026-01-15T07:00:00
OEEF,2026-01-15,ORIGINAL,181986306.99,741972.393,245.2737,2026-01-16T07:00:00
OGEF,2026-01-15,ORIGINAL,395842873.57,4128651.408,95.877,2026-01-16T07:00:00
OEEF,2026-01-16,ORIGINAL,182861624.81,741972.393,246.4534,2026-01-17T07:00:00
OGEF,2026-01-16,ORIGINAL,395124272.42,4128651.408,95.703,2026-01-17T07:00:00
OEEF,2026-01-19,ORIGINAL,184466971.25,741972.393,248.617,2026-01-20T07:00:00
OGEF,2026-01-19,ORIGINAL,395907556.27,4128651.408,95.8927,2026-01-20T07:00:00
OEEF,2026-01-20,ORIGINAL,185162663.31,741972.393,249.5547,2026-01-21T07:00:00
OGEF,2026-01-20,ORIGINAL,399412607.32,4128651.408,96.7417,2026-01-21T07:00:00
OEEF,2026-01-21,ORIGINAL,184029848.9,741972.393,248.0279,2026-01-22T07:00:00
OGEF,2026-01-21,ORIGINAL,397143824.86,4128651.408,96.1921,2026-01-22T07:00:00
OEEF,2026-01-22,ORIGINAL,183546190.64,741972.393,247.376,2026-01-23T07:00:00
OGEF,2026-01-22,ORIGINAL,391803921.23,4128651.408,94.8988,2026-01-23T07:00:00
OEEF,2026-01-23,ORIGINAL,185173644.6,741972.393,249.5695,2026-01-24T07:00:00
OGEF,2026-01-23,ORIGINAL,395556199.24,4128651.408,95.8076,2026-01-24T07:00:00
OEEF,2026-01-26,ORIGINAL,184404317.67,741972.393,248.5326,2026-01-27T07:00:00
OGEF,2026-01-26,ORIGINAL,392595340.71,4128651.408,95.0905,2026-01-27T07:00:00
OEEF,2026-01-27,ORIGINAL,182220941.09,741972.393,245.5899,2026-01-28T07:00:00
OGEF,2026-01-27,ORIGINAL,384757209.89,4128651.408,93.192,2026-01-28T07:00:00
OEEF,2026-01-28,ORIGINAL,183627572.19,741972.393,247.4857,2026-01-29T07:00:00
OGEF,2026-01-28,ORIGINAL,386393634.14,4128651.408,93.5883,2026-01-29T07:00:00
OEEF,2026-01-29,ORIGINAL,181596861.2,741972.393,244.7488,2026-01-30T07:00:00
OGEF,2026-01-29,ORIGINAL,384967516.53,4128651.408,93.2429,2026-01-30T07:00:00
OEEF,2026-01-30,ORIGINAL,176656573.33,741972.393,238.0905,2026-01-31T07:00:00
OGEF,2026-01-30,ORIGINAL,374560284.15,4128651.408,90.7222,2026-01-31T07:00:00
OEEF,2026-02-02,ORIGINAL,174703750.14,741972.393,235.4586,2026-02-03T07:00:00
OGEF,2026-02-02,ORIGINAL,369659013.6,4128651.408,89.5351,2026-02-03T07:00:00
OEEF,2026-02-03,ORIGINAL,170082706.14,741972.393,229.2305,2026-02-04T07:00:00
OGEF,2026-02-03,ORIGINAL,359623436.38,4128651.408,87.1043,2026-02-04T07:00:00
OEEF,2026-02-04,ORIGINAL,169409378.93,737646.02,229.6622,2026-02-05T07:00:00
OGEF,2026-02-04,ORIGINAL,363025010.69,4168712.667,87.0832,2026-02-05T07:00:00
OEEF,2026-02-05,ORIGINAL,168251325.01,737646.02,228.0922,2026-02-06T07:00:00
OGEF,2026-02-05,ORIGINAL,360114819.02,4168712.667,86.3851,2026-02-06T07:00:00
OEEF,2026-02-06,ORIGINAL,165687270.01,737646.02,224.6162,2026-02-07T07:00:00
OGEF,2026-02-06,ORIGINAL,353902832.36,4168712.667,84.895,2026-02-07T07:00:00
OEEF,2026-02-09,ORIGINAL,162905724.06,737646.02,220.8454,2026-02-10T07:00:00
OGEF,2026-02-09,ORIGINAL,348904572.44,4168712.667,83.696,2026-02-10T07:00:00
OEEF,2026-02-10,ORIGINAL,161739560.0,737646.02,219.2645,2026-02-11T07:00:00
OGEF,2026-02-10,ORIGINAL,345211986.22,4168712.667,82.8102,2026-02-11T07:00:00
OEEF,2026-02-11,ORIGINAL,162275896.26,737646.02,219.9916,2026-02-12T07:00:00
OGEF,2026-02-11,ORIGINAL,347380550.48,4168712.667,83.3304,2026-02-12T07:00:00
OEEF,2026-02-12,ORIGINAL,162347478.23,737646.02,220.0886,2026-02-13T07:00:00
OGEF,2026-02-12,ORIGINAL,345756769.31,4168712.667,82.9409,2026-02-13T07:00:00
OEEF,2026-02-13,ORIGINAL,160711996.84,737646.02,217.8714,2026-02-14T07:00:00
OGEF,2026-02-13,ORIGINAL,345093457.97,4168712.667,82.7818,2026-02-14T07:00:00
OEEF,2026-02-16,ORIGINAL,160230011.12,737646.02,217.218,2026-02-17T07:00:00
OGEF,2026-02-16,ORIGINAL,345505316.24,4168712.667,82.8806,2026-02-17T07:00:00
OEEF,2026-02-17,ORIGINAL,163278203.99,737646.02,221.3503,2026-02-18T07:00:00
OGEF,2026-02-17,ORIGINAL,349900704.98,4168712.667,83.935,2026-02-18T07:00:00
OEEF,2026-02-18,ORIGINAL,162546779.56,737646.02,220.3588,2026-02-19T07:00:00
OGEF,2026-02-18,ORIGINAL,350967971.57,4168712.667,84.191,2026-02-19T07:00:00
OEEF,2026-02-19,ORIGINAL,161727756.67,737646.02,219.2485,2026-02-20T07:00:00
OGEF,2026-02-19,ORIGINAL,350342786.87,4168712.667,84.041,2026-02-20T07:00:00
OEEF,2026-02-20,ORIGINAL,160677038.63,737646.02,217.824,2026-02-21T07:00:00
OGEF,2026-02-20,ORIGINAL,348056400.04,4168712.667,83.4925,2026-02-21T07:00:00
OEEF,2026-02-23,ORIGINAL,158986015.99,737646.02,215.5316,2026-02-24T07:00:00
OGEF,2026-02-23,ORIGINAL,345207754.33,4168712.667,82.8092,2026-02-24T07:00:00
OEEF,2026-02-24,ORIGINAL,159932960.35,737646.02,216.8153,2026-02-25T07:00:00
OGEF,2026-02-24,ORIGINAL,346827464.85,4168712.667,83.1977,2026-02-25T07:00:00
OEEF,2026-02-25,ORIGINAL,163240157.75,737646.02,221.2988,2026-02-26T07:00:00
OGEF,2026-02-25,ORIGINAL,352068296.87,4168712.667,84.4549,2026-02-26T07:00:00
OEEF,2026-02-26,ORIGINAL,166420674.36,737646.02,225.6105,2026-02-27T07:00:00
OGEF,2026-02-26,ORIGINAL,357389435.52,4168712.667,85.7314,2026-02-27T07:00:00
OEEF,2026-02-27,ORIGINAL,164920342.56,737646.02,223.5765,2026-02-28T07:00:00
OGEF,2026-02-27,ORIGINAL,355991678.59,4168712.667,85.3961,2026-02-28T07:00:00
OEEF,2026-03-02,ORIGINAL,166504422.41,737646.02,225.724,2026-03-03T07:00:00
OGEF,2026-03-02,ORIGINAL,357021953.83,4168712.667,85.6432,2026-03-03T07:00:00
OEEF,2026-03-03,ORIGINAL,167978343.79,737646.02,227.7222,2026-03-04T07:00:00
OGEF,2026-03-03,ORIGINAL,360659769.66,4168712.667,86.5159,2026-03-04T07:00:00
OEEF,2026-03-04,ORIGINAL,167270916.51,735954.58,227.2843,2026-03-05T07:00:00
OGEF,2026-03-04,ORIGINAL,361759341.33,4208543.212,85.9583,2026-03-05T07:00:00
OEEF,2026-03-05,ORIGINAL,167148031.25,735954.58,227.1173,2026-03-06T07:00:00
OGEF,2026-03-05,ORIGINAL,361642052.61,4208543.212,85.9305,2026-03-06T07:00:00
OEEF,2026-03-06,ORIGINAL,167990370.36,735954.58,228.2619,2026-03-07T07:00:00
OGEF,2026-03-06,ORIGINAL,365916403.09,4208543.212,86.9461,2026-03-07T07:00:00
OEEF,2026-03-09,ORIGINAL,164795410.87,735954.58,223.9206,2026-03-10T07:00:00
OGEF,2026-03-09,ORIGINAL,359235539.11,4208543.212,85.3586,2026-03-10T07:00:00
OEEF,2026-03-10,ORIGINAL,166846968.32,735954.58,226.7082,2026-03-11T07:00:00
OGEF,2026-03-10,ORIGINAL,361334466.46,4208543.212,85.8574,2026-03-11T07:00:00
OEEF,2026-03-11,ORIGINAL,165008970.8,735954.58,224.2108,2026-03-12T07:00:00
OGEF,2026-03-11,ORIGINAL,359840867.04,4208543.212,85.5025,2026-03-12T07:00:00
OEEF,2026-03-12,ORIGINAL,161423194.22,735954.58,219.3385,2026-03-13T07:00:00
OGEF,2026-03-12,ORIGINAL,353889115.95,4208543.212,84.0883,2026-03-13T07:00:00
OEEF,2026-03-13,ORIGINAL,161012789.61,735954.58,218.7809,2026-03-14T07:00:00
OGEF,2026-03-13,ORIGINAL,351050816.15,4208543.212,83.4139,2026-03-14T07:00:00
OEEF,2026-03-16,ORIGINAL,158719782.69,735954.58,215.6652,2026-03-17T07:00:00
OGEF,2026-03-16,ORIGINAL,345783714.26,4208543.212,82.1623,2026-03-17T07:00:00
OEEF,2026-03-17,ORIGINAL,157991395.33,735954.58,214.6755,2026-03-18T07:00:00
OGEF,2026-03-17,ORIGINAL,345163945.51,4208543.212,82.0151,2026-03-18T07:00:00
OEEF,2026-03-18,ORIGINAL,157854456.09,735954.58,214.4894,2026-03-19T07:00:00
OGEF,2026-03-18,ORIGINAL,342880220.41,4208543.212,81.4724,2026-03-19T07:00:00
OEEF,2026-03-19,ORIGINAL,157343469.83,735954.58,213.7951,2026-03-20T07:00:00
OGEF,2026-03-19,ORIGINAL,341234141.54,4208543.212,81.0813,2026-03-20T07:00:00
OEEF,2026-03-18,CORRECTION,157194240.28,735954.58,213.5923,2026-03-20T10:00:00
OEEF,2026-03-20,ORIGINAL,156939980.33,735954.58,213.2468,2026-03-21T07:00:00
OGEF,2026-03-20,ORIGINAL,339637562.42,4208543.212,80.7019,2026-03-21T07:00:00
OEEF,2026-03-23,ORIGINAL,158413589.62,735954.58,215.2491,2026-03-24T07:00:00
OGEF,2026-03-23,ORIGINAL,340727244.51,4208543.212,80.9609,2026-03-24T07:00:00
OEEF,2026-03-24,ORIGINAL,157251583.89,735954.58,213.6702,2026-03-25T07:00:00
OGEF,2026-03-24,ORIGINAL,338240170.49,4208543.212,80.3699,2026-03-25T07:00:00
OEEF,2026-03-25,ORIGINAL,157957853.15,735954.58,214.6299,2026-03-26T07:00:00
OGEF,2026-03-25,ORIGINAL,336901015.49,4208543.212,80.0517,2026-03-26T07:00:00
OEEF,2026-03-26,ORIGINAL,158906367.93,735954.58,215.9187,2026-03-27T07:00:00
OGEF,2026-03-26,ORIGINAL,336378461.84,4208543.212,79.9275,2026-03-27T07:00:00
OEEF,2026-03-27,ORIGINAL,160624297.64,735954.58,218.253,2026-03-28T07:00:00
OGEF,2026-03-27,ORIGINAL,340543219.24,4208543.212,80.9171,2026-03-28T07:00:00
OEEF,2026-03-30,ORIGINAL,162026363.9,735954.58,220.1581,2026-03-31T07:00:00
OGEF,2026-03-30,ORIGINAL,345416710.77,4208543.212,82.0751,2026-03-31T07:00:00
OEEF,2026-03-31,ORIGINAL,158388726.82,735954.58,215.2154,2026-04-01T07:00:00
OGEF,2026-03-31,ORIGINAL,340257097.8,4208543.212,80.8491,2026-04-01T07:00:00
OEEF,2026-04-01,ORIGINAL,159059863.0,735954.58,216.1273,2026-04-02T07:00:00
OGEF,2026-04-01,ORIGINAL,342143922.26,4208543.212,81.2975,2026-04-02T07:00:00
OEEF,2026-04-02,ORIGINAL,160551023.33,735954.58,218.1534,2026-04-03T07:00:00
OGEF,2026-04-02,ORIGINAL,346460503.17,4208543.212,82.3231,2026-04-03T07:00:00
OEEF,2026-04-07,ORIGINAL,161302124.76,735954.58,219.174,2026-04-08T07:00:00
OGEF,2026-04-07,ORIGINAL,350906122.01,4208543.212,83.3795,2026-04-08T07:00:00
OEEF,2026-04-08,ORIGINAL,159939502.97,735954.58,217.3225,2026-04-09T07:00:00
OGEF,2026-04-08,ORIGINAL,347887519.2,4208543.212,82.6622,2026-04-09T07:00:00
OEEF,2026-04-09,ORIGINAL,156851741.44,735954.58,213.1269,2026-04-10T07:00:00
OGEF,2026-04-09,ORIGINAL,343306486.67,4208543.212,81.5737,2026-04-10T07:00:00
OEEF,2026-04-10,ORIGINAL,154118590.95,735954.58,209.4132,2026-04-11T07:00:00
OGEF,2026-04-10,ORIGINAL,337465813.62,4208543.212,80.1859,2026-04-11T07:00:00
OEEF,2026-04-13,ORIGINAL,153706825.24,735954.58,208.8537,2026-04-14T07:00:00
OGEF,2026-04-13,ORIGINAL,337941069.42,4208543.212,80.2988,2026-04-14T07:00:00
OEEF,2026-04-14,ORIGINAL,154259635.8,735954.58,209.6048,2026-04-15T07:00:00
OGEF,2026-04-14,ORIGINAL,338557227.27,4208543.212,80.4452,2026-04-15T07:00:00
OEEF,2026-04-15,ORIGINAL,154380592.52,735954.58,209.7692,2026-04-16T07:00:00
OGEF,2026-04-15,ORIGINAL,339540913.6,4208543.212,80.679,2026-04-16T07:00:00
OEEF,2026-04-16,ORIGINAL,154909283.59,735954.58,210.4876,2026-04-17T07:00:00
OGEF,2026-04-16,ORIGINAL,338394664.99,4208543.212,80.4066,2026-04-17T07:00:00
OEEF,2026-04-17,ORIGINAL,154405112.37,735954.58,209.8025,2026-04-18T07:00:00
OGEF,2026-04-17,ORIGINAL,338522967.9,4208543.212,80.4371,2026-04-18T07:00:00
OEEF,2026-04-20,ORIGINAL,157705877.8,735954.58,214.2875,2026-04-21T07:00:00
OGEF,2026-04-20,ORIGINAL,343149840.77,4208543.212,81.5365,2026-04-21T07:00:00
OEEF,2026-04-21,ORIGINAL,157752684.14,735954.58,214.3511,2026-04-22T07:00:00
OGEF,2026-04-21,ORIGINAL,344249373.34,4208543.212,81.7978,2026-04-22T07:00:00
OEEF,2026-04-22,ORIGINAL,156802466.53,735954.58,213.06,2026-04-23T07:00:00
OGEF,2026-04-22,ORIGINAL,342383664.6,4208543.212,81.3544,2026-04-23T07:00:00
OEEF,2026-04-23,ORIGINAL,156362476.24,735954.58,212.4621,2026-04-24T07:00:00
OGEF,2026-04-23,ORIGINAL,344753252.26,4208543.212,81.9175,2026-04-24T07:00:00
OEEF,2026-04-24,ORIGINAL,156842981.31,735954.58,213.115,2026-04-25T07:00:00
OGEF,2026-04-24,ORIGINAL,344492278.76,4208543.212,81.8555,2026-04-25T07:00:00
OEEF,2026-04-27,ORIGINAL,159699009.68,735954.58,216.9957,2026-04-28T07:00:00
OGEF,2026-04-27,ORIGINAL,351048457.39,4208543.212,83.4133,2026-04-28T07:00:00
OEEF,2026-04-28,ORIGINAL,159047859.26,735954.58,216.111,2026-04-29T07:00:00
OGEF,2026-04-28,ORIGINAL,352940555.73,4208543.212,83.8629,2026-04-29T07:00:00
OEEF,2026-04-29,ORIGINAL,159927194.46,735954.58,217.3058,2026-04-30T07:00:00
OGEF,2026-04-29,ORIGINAL,353794828.11,4208543.212,84.0659,2026-04-30T07:00:00
OEEF,2026-04-30,ORIGINAL,161292367.71,735954.58,219.1608,2026-05-01T07:00:00
OGEF,2026-04-30,ORIGINAL,355904597.58,4208543.212,84.5672,2026-05-01T07:00:00
OEEF,2026-05-04,ORIGINAL,162536998.19,735954.58,220.8519,2026-05-05T07:00:00
OGEF,2026-05-04,ORIGINAL,358607734.19,4208543.212,85.2095,2026-05-05T07:00:00
OEEF,2026-05-05,ORIGINAL,165012404.16,735954.58,224.2155,2026-05-06T07:00:00
OGEF,2026-05-05,ORIGINAL,364506720.93,4208543.212,86.6111,2026-05-06T07:00:00
OEEF,2026-05-06,ORIGINAL,166378923.14,735954.58,226.0723,2026-05-07T07:00:00
OGEF,2026-05-06,ORIGINAL,365750356.25,4208543.212,86.9066,2026-05-07T07:00:00
OEEF,2026-05-07,ORIGINAL,167054268.39,735954.58,226.9899,2026-05-08T07:00:00
OGEF,2026-05-07,ORIGINAL,369913914.04,4208543.212,87.896,2026-05-08T07:00:00
OEEF,2026-05-08,ORIGINAL,166659434.07,735954.58,226.4534,2026-05-09T07:00:00
OGEF,2026-05-08,ORIGINAL,368401061.41,4208543.212,87.5365,2026-05-09T07:00:00
OEEF,2026-05-11,ORIGINAL,167043552.84,735954.58,226.9754,2026-05-12T07:00:00
OGEF,2026-05-11,ORIGINAL,370887709.88,4208543.212,88.1273,2026-05-12T07:00:00
OEEF,2026-05-12,ORIGINAL,166012632.07,735954.58,225.5746,2026-05-13T07:00:00
OGEF,2026-05-12,ORIGINAL,368835682.13,4208543.212,87.6398,2026-05-13T07:00:00
OEEF,2026-05-13,ORIGINAL,165916264.16,735954.58,225.4436,2026-05-14T07:00:00
OGEF,2026-05-13,ORIGINAL,366555383.41,4208543.212,87.0979,2026-05-14T07:00:00
OEEF,2026-05-14,ORIGINAL,164999250.18,735954.58,224.1976,2026-05-15T07:00:00
OGEF,2026-05-14,ORIGINAL,365292707.74,4208543.212,86.7979,2026-05-15T07:00:00
OEEF,2026-05-15,ORIGINAL,162812425.07,735954.58,221.2262,2026-05-16T07:00:00
OGEF,2026-05-15,ORIGINAL,361631499.31,4208543.212,85.928,2026-05-16T07:00:00
OEEF,2026-05-18,ORIGINAL,161876195.48,735954.58,219.9541,2026-05-19T07:00:00
OGEF,2026-05-18,ORIGINAL,361388383.69,4208543.212,85.8702,2026-05-19T07:00:00
OEEF,2026-05-19,ORIGINAL,162899050.02,735954.58,221.3439,2026-05-20T07:00:00
OGEF,2026-05-19,ORIGINAL,365367051.79,4208543.212,86.8156,2026-05-20T07:00:00
OEEF,2026-05-20,ORIGINAL,160269929.61,735954.58,217.7715,2026-05-21T07:00:00
OGEF,2026-05-20,ORIGINAL,361573214.41,4208543.212,85.9141,2026-05-21T07:00:00
OEEF,2026-05-21,ORIGINAL,161887320.59,735954.58,219.9692,2026-05-22T07:00:00
OGEF,2026-05-21,ORIGINAL,367245143.51,4208543.212,87.2618,2026-05-22T07:00:00
OEEF,2026-05-22,ORIGINAL,163082221.45,735954.58,221.5928,2026-05-23T07:00:00
OGEF,2026-05-22,ORIGINAL,365754960.0,4208543.212,86.9077,2026-05-23T07:00:00
OEEF,2026-05-25,ORIGINAL,166074791.07,735954.58,225.659,2026-05-26T07:00:00
OGEF,2026-05-25,ORIGINAL,368449245.64,4208543.212,87.5479,2026-05-26T07:00:00
OEEF,2026-05-26,ORIGINAL,166125254.54,735954.58,225.7276,2026-05-27T07:00:00
OGEF,2026-05-26,ORIGINAL,367818012.79,4208543.212,87.3979,2026-05-27T07:00:00
OEEF,2026-05-27,ORIGINAL,167160665.22,735954.58,227.1345,2026-05-28T07:00:00
OGEF,2026-05-27,ORIGINAL,368093824.19,4208543.212,87.4635,2026-05-28T07:00:00
OEEF,2026-05-28,ORIGINAL,164704853.81,735954.58,223.7976,2026-05-29T07:00:00
OGEF,2026-05-28,ORIGINAL,366453372.72,4208543.212,87.0737,2026-05-29T07:00:00
OEEF,2026-05-29,ORIGINAL,164809440.95,735954.58,223.9397,2026-05-30T07:00:00
OGEF,2026-05-29,ORIGINAL,366482264.9,4208543.212,87.0806,2026-05-30T07:00:00
OEEF,2026-06-01,ORIGINAL,165411407.78,735954.58,224.7576,2026-06-02T07:00:00
OGEF,2026-06-01,ORIGINAL,367735591.79,4208543.212,87.3784,2026-06-02T07:00:00
OEEF,2026-06-02,ORIGINAL,164828361.92,735954.58,223.9654,2026-06-03T07:00:00
OGEF,2026-06-02,ORIGINAL,367038221.09,4208543.212,87.2127,2026-06-03T07:00:00
OEEF,2026-06-03,ORIGINAL,167736193.16,732787.32,228.9016,2026-06-04T07:00:00
OGEF,2026-06-03,ORIGINAL,371571877.05,4209483.236,88.2702,2026-06-04T07:00:00
OEEF,2026-06-04,ORIGINAL,167931927.74,732787.32,229.1687,2026-06-05T07:00:00
OGEF,2026-06-04,ORIGINAL,369068068.49,4209483.236,87.6754,2026-06-05T07:00:00
OEEF,2026-06-05,ORIGINAL,168022548.26,732787.32,229.2924,2026-06-06T07:00:00
OGEF,2026-06-05,ORIGINAL,367694168.73,4209483.236,87.349,2026-06-06T07:00:00
OEEF,2026-06-08,ORIGINAL,163595366.73,732787.32,223.2508,2026-06-09T07:00:00
OGEF,2026-06-08,ORIGINAL,357364576.78,4209483.236,84.8951,2026-06-09T07:00:00
OEEF,2026-06-09,ORIGINAL,164750325.95,732787.32,224.8269,2026-06-10T07:00:00
OGEF,2026-06-09,ORIGINAL,360044085.02,4209483.236,85.5317,2026-06-10T07:00:00
OEEF,2026-06-10,ORIGINAL,164188423.78,732787.32,224.0601,2026-06-11T07:00:00
OGEF,2026-06-10,ORIGINAL,358715630.77,4209483.236,85.2161,2026-06-11T07:00:00
OEEF,2026-06-11,ORIGINAL,164822512.33,732787.32,224.9254,2026-06-12T07:00:00
OGEF,2026-06-11,ORIGINAL,360697483.74,4209483.236,85.6869,2026-06-12T07:00:00
OEEF,2026-06-12,ORIGINAL,162031215.69,732787.32,221.1163,2026-06-13T07:00:00
OGEF,2026-06-12,ORIGINAL,355539083.93,4209483.236,84.4615,2026-06-13T07:00:00
OEEF,2026-06-15,ORIGINAL,164312679.65,732787.32,224.2297,2026-06-16T07:00:00
OGEF,2026-06-15,ORIGINAL,356789738.96,4209483.236,84.7586,2026-06-16T07:00:00
OEEF,2026-06-16,ORIGINAL,164214800.18,732787.32,224.0961,2026-06-17T07:00:00
OGEF,2026-06-16,ORIGINAL,360552341.55,4209483.236,85.6524,2026-06-17T07:00:00
OEEF,2026-06-17,ORIGINAL,166942926.56,732787.32,227.8191,2026-06-18T07:00:00
OGEF,2026-06-17,ORIGINAL,364911253.77,4209483.236,86.6879,2026-06-18T07:00:00
OEEF,2026-06-18,ORIGINAL,166415567.63,732787.32,227.0994,2026-06-19T07:00:00
OGEF,2026-06-18,ORIGINAL,367178135.45,4209483.236,87.2264,2026-06-19T07:00:00
OEEF,2026-06-19,ORIGINAL,164599679.41,732787.32,224.6214,2026-06-20T07:00:00
OGEF,2026-06-19,ORIGINAL,366691442.74,4209483.236,87.1108,2026-06-20T07:00:00
OEEF,2026-06-22,ORIGINAL,165806173.16,732787.32,226.2678,2026-06-23T07:00:00
OGEF,2026-06-22,ORIGINAL,365916482.64,4209483.236,86.9267,2026-06-23T07:00:00
OEEF,2026-06-23,ORIGINAL,165810228.75,732787.32,226.2733,2026-06-24T07:00:00
OGEF,2026-06-23,ORIGINAL,364890796.91,4209483.236,86.683,2026-06-24T07:00:00
OEEF,2026-06-24,ORIGINAL,166751475.79,732787.32,227.5578,2026-06-25T07:00:00
OGEF,2026-06-24,ORIGINAL,365506451.21,4209483.236,86.8293,2026-06-25T07:00:00
OEEF,2026-06-25,ORIGINAL,167656905.07,732787.32,228.7934,2026-06-26T07:00:00
OGEF,2026-06-25,ORIGINAL,368414409.58,4209483.236,87.5201,2026-06-26T07:00:00
OEEF,2026-06-26,ORIGINAL,171210030.32,732787.32,233.6422,2026-06-27T07:00:00
OGEF,2026-06-26,ORIGINAL,376199533.9,4209483.236,89.3695,2026-06-27T07:00:00
OEEF,2026-06-29,ORIGINAL,171630552.8,732787.32,234.2161,2026-06-30T07:00:00
OGEF,2026-06-29,ORIGINAL,376235770.1,4209483.236,89.3781,2026-06-30T07:00:00
OEEF,2026-06-30,ORIGINAL,173299300.44,732787.32,236.4933,2026-07-01T07:00:00
OGEF,2026-06-30,ORIGINAL,378033316.94,4209483.236,89.8052,2026-07-01T07:00:00
OEEF,2026-07-01,ORIGINAL,174299556.11,732787.32,237.8583,2026-07-02T07:00:00
OGEF,2026-07-01,ORIGINAL,376275132.95,4209483.236,89.3875,2026-07-02T07:00:00
OEEF,2026-07-02,ORIGINAL,175443602.38,732787.32,239.4195,2026-07-03T07:00:00
OGEF,2026-07-02,ORIGINAL,381946840.69,4209483.236,90.7349,2026-07-03T07:00:00
OEEF,2026-07-03,ORIGINAL,173967438.2,732787.32,237.4051,2026-07-04T07:00:00
OGEF,2026-07-03,ORIGINAL,380528181.2,4209483.236,90.3978,2026-07-04T07:00:00
OEEF,2026-07-06,ORIGINAL,170305006.24,732787.32,232.4071,2026-07-07T07:00:00
OGEF,2026-07-06,ORIGINAL,371794709.96,4209483.236,88.3231,2026-07-07T07:00:00
OEEF,2026-07-07,ORIGINAL,168155364.5,732787.32,229.4736,2026-07-08T07:00:00
OGEF,2026-07-07,ORIGINAL,368766095.56,4209483.236,87.6036,2026-07-08T07:00:00
OEEF,2026-07-08,ORIGINAL,168539947.26,732787.32,229.9984,2026-07-09T07:00:00
OGEF,2026-07-08,ORIGINAL,369772076.99,4209483.236,87.8426,2026-07-09T07:00:00
OEEF,2026-07-09,ORIGINAL,169338644.66,732787.32,231.0884,2026-07-10T07:00:00
OGEF,2026-07-09,ORIGINAL,369489265.8,4209483.236,87.7754,2026-07-10T07:00:00
OEEF,2026-07-10,ORIGINAL,171470155.24,732787.32,233.9972,2026-07-11T07:00:00
OGEF,2026-07-10,ORIGINAL,372721852.49,4209483.236,88.5434,2026-07-11T07:00:00
OEEF,2026-07-13,ORIGINAL,169548349.13,732787.32,231.3746,2026-07-14T07:00:00
OGEF,2026-07-13,ORIGINAL,374442898.64,4209483.236,88.9522,2026-07-14T07:00:00
OEEF,2026-07-14,ORIGINAL,169712701.6,732787.32,231.5989,2026-07-15T07:00:00
OGEF,2026-07-14,ORIGINAL,374697893.55,4209483.236,89.0128,2026-07-15T07:00:00
OEEF,2026-07-15,ORIGINAL,169520722.03,732787.32,231.3369,2026-07-16T07:00:00
OGEF,2026-07-15,ORIGINAL,374640014.19,4209483.236,88.9991,2026-07-16T07:00:00
OEEF,2026-07-16,ORIGINAL,169776046.97,732787.32,231.6853,2026-07-17T07:00:00
OGEF,2026-07-16,ORIGINAL,374579745.04,4209483.236,88.9847,2026-07-17T07:00:00
OEEF,2026-07-17,ORIGINAL,170283155.98,732787.32,232.3773,2026-07-18T07:00:00
OGEF,2026-07-17,ORIGINAL,374907461.41,4209483.236,89.0626,2026-07-18T07:00:00
OEEF,2026-07-20,ORIGINAL,173064609.59,732787.32,236.173,2026-07-21T07:00:00
OGEF,2026-07-20,ORIGINAL,376509911.96,4209483.236,89.4433,2026-07-21T07:00:00
OEEF,2026-07-21,ORIGINAL,174145605.36,732787.32,237.6482,2026-07-22T07:00:00
OGEF,2026-07-21,ORIGINAL,379582541.17,4209483.236,90.1732,2026-07-22T07:00:00
OEEF,2026-07-22,ORIGINAL,175441606.96,732787.32,239.4168,2026-07-23T07:00:00
OGEF,2026-07-22,ORIGINAL,380732495.75,4209483.236,90.4464,2026-07-23T07:00:00
OEEF,2026-07-23,ORIGINAL,176488259.68,732787.32,240.8451,2026-07-24T07:00:00
OGEF,2026-07-23,ORIGINAL,381319485.35,4209483.236,90.5858,2026-07-24T07:00:00
OEEF,2026-07-24,ORIGINAL,173851918.33,732787.32,237.2474,2026-07-25T07:00:00
OGEF,2026-07-24,ORIGINAL,377562254.61,4209483.236,89.6933,2026-07-25T07:00:00
OEEF,2026-07-27,ORIGINAL,172352440.09,732787.32,235.2012,2026-07-28T07:00:00
OGEF,2026-07-27,ORIGINAL,374328019.58,4209483.236,88.9249,2026-07-28T07:00:00
OEEF,2026-07-28,ORIGINAL,170241775.47,732787.32,232.3209,2026-07-29T07:00:00
OGEF,2026-07-28,ORIGINAL,370742564.59,4209483.236,88.0732,2026-07-29T07:00:00
OEEF,2026-07-29,ORIGINAL,170652829.22,732787.32,232.8818,2026-07-30T07:00:00
OGEF,2026-07-29,ORIGINAL,369764861.12,4209483.236,87.8409,2026-07-30T07:00:00
OEEF,2026-07-30,ORIGINAL,173426293.32,732787.32,236.6666,2026-07-31T07:00:00
OGEF,2026-07-30,ORIGINAL,375429154.95,4209483.236,89.1865,2026-07-31T07:00:00
OEEF,2026-07-31,ORIGINAL,174988990.27,732787.32,238.7992,2026-08-01T07:00:00
OGEF,2026-07-31,ORIGINAL,377363653.51,4209483.236,89.6461,2026-08-01T07:00:00
OEEF,2026-08-03,ORIGINAL,175052791.75,732787.32,238.8862,2026-08-04T07:00:00
OGEF,2026-08-03,ORIGINAL,377780174.68,4209483.236,89.745,2026-08-04T07:00:00
OEEF,2026-08-04,ORIGINAL,173799545.24,732787.32,237.176,2026-08-05T07:00:00
OGEF,2026-08-04,ORIGINAL,374009579.86,4209483.236,88.8493,2026-08-05T07:00:00
OEEF,2026-08-05,ORIGINAL,168151274.7,717645.516,234.3097,2026-08-06T07:00:00
OGEF,2026-08-05,ORIGINAL,368432547.53,4170982.456,88.3323,2026-08-06T07:00:00
OEEF,2026-08-06,ORIGINAL,167770512.6,717645.516,233.7791,2026-08-07T07:00:00
OGEF,2026-08-06,ORIGINAL,365292429.54,4170982.456,87.5795,2026-08-07T07:00:00
OEEF,2026-08-07,ORIGINAL,166446791.61,717645.516,231.9346,2026-08-08T07:00:00
OGEF,2026-08-07,ORIGINAL,361329559.01,4170982.456,86.6294,2026-08-08T07:00:00
OEEF,2026-08-10,ORIGINAL,168196314.16,717645.516,234.3724,2026-08-11T07:00:00
OGEF,2026-08-10,ORIGINAL,361573258.8,4170982.456,86.6878,2026-08-11T07:00:00
OEEF,2026-08-11,ORIGINAL,169645474.66,717645.516,236.3917,2026-08-12T07:00:00
OGEF,2026-08-11,ORIGINAL,363437525.49,4170982.456,87.1348,2026-08-12T07:00:00
OEEF,2026-08-12,ORIGINAL,171251327.39,717645.516,238.6294,2026-08-13T07:00:00
OGEF,2026-08-12,ORIGINAL,364149473.38,4170982.456,87.3054,2026-08-13T07:00:00
OEEF,2026-08-13,ORIGINAL,170964062.59,717645.516,238.2291,2026-08-14T07:00:00
OGEF,2026-08-13,ORIGINAL,364711914.26,4170982.456,87.4403,2026-08-14T07:00:00
OGEF,2026-08-12,CORRECTION,365281847.11,4170982.456,87.5769,2026-08-14T10:00:00
OEEF,2026-08-14,ORIGINAL,173832397.64,717645.516,242.226,2026-08-15T07:00:00
OGEF,2026-08-14,ORIGINAL,368379912.56,4170982.456,88.3197,2026-08-15T07:00:00
OEEF,2026-08-17,ORIGINAL,175301454.4,717645.516,244.273,2026-08-18T07:00:00
OGEF,2026-08-17,ORIGINAL,369500382.65,4170982.456,88.5883,2026-08-18T07:00:00
OEEF,2026-08-18,ORIGINAL,176330224.44,717645.516,245.7066,2026-08-19T07:00:00
OGEF,2026-08-18,ORIGINAL,372216060.82,4170982.456,89.2394,2026-08-19T07:00:00
OEEF,2026-08-19,ORIGINAL,177609046.01,717645.516,247.4885,2026-08-20T07:00:00
OGEF,2026-08-19,ORIGINAL,373980266.57,4170982.456,89.6624,2026-08-20T07:00:00
OEEF,2026-08-20,ORIGINAL,177869162.67,717645.516,247.851,2026-08-21T07:00:00
OGEF,2026-08-20,ORIGINAL,374186579.51,4170982.456,89.7119,2026-08-21T07:00:00
OEEF,2026-08-21,ORIGINAL,178904458.51,717645.516,249.2936,2026-08-22T07:00:00
OGEF,2026-08-21,ORIGINAL,374070819.52,4170982.456,89.6841,2026-08-22T07:00:00
OEEF,2026-08-24,ORIGINAL,181190128.97,717645.516,252.4786,2026-08-25T07:00:00
OGEF,2026-08-24,ORIGINAL,378511337.2,4170982.456,90.7487,2026-08-25T07:00:00
OEEF,2026-08-25,ORIGINAL,181357979.54,717645.516,252.7125,2026-08-26T07:00:00
OGEF,2026-08-25,ORIGINAL,374441094.02,4170982.456,89.7729,2026-08-26T07:00:00
OEEF,2026-08-26,ORIGINAL,179931638.61,717645.516,250.725,2026-08-27T07:00:00
OGEF,2026-08-26,ORIGINAL,373078546.02,4170982.456,89.4462,2026-08-27T07:00:00
OEEF,2026-08-27,ORIGINAL,183340141.5,717645.516,255.4745,2026-08-28T07:00:00
OGEF,2026-08-27,ORIGINAL,376139596.46,4170982.456,90.1801,2026-08-28T07:00:00
OEEF,2026-08-28,ORIGINAL,184270620.53,717645.516,256.7711,2026-08-29T07:00:00
OGEF,2026-08-28,ORIGINAL,379418476.8,4170982.456,90.9662,2026-08-29T07:00:00
OEEF,2026-08-31,ORIGINAL,186916206.92,717645.516,260.4576,2026-09-01T07:00:00
OGEF,2026-08-31,ORIGINAL,384621303.52,4170982.456,92.2136,2026-09-01T07:00:00
OEEF,2026-09-01,ORIGINAL,189689989.93,717645.516,264.3227,2026-09-02T07:00:00
OGEF,2026-09-01,ORIGINAL,387519820.83,4170982.456,92.9085,2026-09-02T07:00:00
OEEF,2026-09-02,ORIGINAL,187694612.94,717645.516,261.5422,2026-09-03T07:00:00
OGEF,2026-09-02,ORIGINAL,385472000.83,4170982.456,92.4176,2026-09-03T07:00:00
OEEF,2026-09-03,ORIGINAL,187272283.32,717645.516,260.9537,2026-09-04T07:00:00
OGEF,2026-09-03,ORIGINAL,383169811.86,4170982.456,91.8656,2026-09-04T07:00:00
OEEF,2026-09-04,ORIGINAL,186066036.13,717645.516,259.2729,2026-09-05T07:00:00
OGEF,2026-09-04,ORIGINAL,382451939.16,4170982.456,91.6935,2026-09-05T07:00:00
OEEF,2026-09-07,ORIGINAL,189897478.63,717645.516,264.6118,2026-09-08T07:00:00
OGEF,2026-09-07,ORIGINAL,384826433.51,4170982.456,92.2628,2026-09-08T07:00:00
OEEF,2026-09-08,ORIGINAL,189035223.19,717645.516,263.4103,2026-09-09T07:00:00
OGEF,2026-09-08,ORIGINAL,384712953.74,4170982.456,92.2356,2026-09-09T07:00:00
OEEF,2026-09-09,ORIGINAL,191487443.85,717645.516,266.8273,2026-09-10T07:00:00
OGEF,2026-09-09,ORIGINAL,389451272.35,4170982.456,93.3716,2026-09-10T07:00:00
OEEF,2026-09-10,ORIGINAL,191994709.73,717645.516,267.5342,2026-09-11T07:00:00
OGEF,2026-09-10,ORIGINAL,392147266.91,4170982.456,94.018,2026-09-11T07:00:00
OEEF,2026-09-11,ORIGINAL,191080148.18,717645.516,266.2598,2026-09-12T07:00:00
OGEF,2026-09-11,ORIGINAL,392901341.93,4170982.456,94.1988,2026-09-12T07:00:00
OEEF,2026-09-14,ORIGINAL,191427216.5,717645.516,266.7434,2026-09-15T07:00:00
OGEF,2026-09-14,ORIGINAL,391708632.54,4170982.456,93.9128,2026-09-15T07:00:00
OEEF,2026-09-15,ORIGINAL,190780825.26,717645.516,265.8427,2026-09-16T07:00:00
OGEF,2026-09-15,ORIGINAL,392531120.53,4170982.456,94.11,2026-09-16T07:00:00
OEEF,2026-09-16,ORIGINAL,189141740.76,717645.516,263.5587,2026-09-17T07:00:00
OGEF,2026-09-16,ORIGINAL,391592933.32,4170982.456,93.8851,2026-09-17T07:00:00
OEEF,2026-09-17,ORIGINAL,189223098.23,717645.516,263.6721,2026-09-18T07:00:00
OGEF,2026-09-17,ORIGINAL,391581165.11,4170982.456,93.8822,2026-09-18T07:00:00
OEEF,2026-09-18,ORIGINAL,187752640.4,717645.516,261.6231,2026-09-19T07:00:00
OGEF,2026-09-18,ORIGINAL,388846349.55,4170982.456,93.2266,2026-09-19T07:00:00
OEEF,2026-09-21,ORIGINAL,184555864.14,717645.516,257.1686,2026-09-22T07:00:00
OGEF,2026-09-21,ORIGINAL,381991115.16,4170982.456,91.583,2026-09-22T07:00:00
OEEF,2026-09-22,ORIGINAL,186411200.36,717645.516,259.7539,2026-09-23T07:00:00
OGEF,2026-09-22,ORIGINAL,386037135.26,4170982.456,92.553,2026-09-23T07:00:00
OEEF,2026-09-23,ORIGINAL,187407277.93,717645.516,261.1419,2026-09-24T07:00:00
OGEF,2026-09-23,ORIGINAL,387391220.26,4170982.456,92.8777,2026-09-24T07:00:00
OEEF,2026-09-24,ORIGINAL,191663350.45,717645.516,267.0725,2026-09-25T07:00:00
OGEF,2026-09-24,ORIGINAL,391355611.43,4170982.456,93.8282,2026-09-25T07:00:00
OEEF,2026-09-25,ORIGINAL,194745871.47,717645.516,271.3678,2026-09-26T07:00:00
OGEF,2026-09-25,ORIGINAL,395560541.77,4170982.456,94.8363,2026-09-26T07:00:00
OEEF,2026-09-28,ORIGINAL,190762430.37,717645.516,265.8171,2026-09-29T07:00:00
OGEF,2026-09-28,ORIGINAL,392424994.52,4170982.456,94.0845,2026-09-29T07:00:00
OEEF,2026-09-29,ORIGINAL,191205486.39,717645.516,266.4344,2026-09-30T07:00:00
OGEF,2026-09-29,ORIGINAL,394677051.75,4170982.456,94.6245,2026-09-30T07:00:00
OEEF,2026-09-30,ORIGINAL,193999566.05,717645.516,270.3278,2026-10-01T07:00:00
OGEF,2026-09-30,ORIGINAL,399379779.57,4170982.456,95.752,2026-10-01T07:00:00
